,count,titlePaper,citationChicago,citations,link,publishedYear,publishedMonth,locationStudy,"gpsLat, gpsLong",gpsLat,gpsLong,monthsLapsed
16,13,Expansion & Characterization of Bone Marrow Derived Human Mesenchymal Stromal Cells in Serum-Free Conditions,"Bhat, Samatha, Pachaiyappan Viswanathan, Shashank Chandanala, S. Jyothi Prasanna, and Raviraja N. Seetharam. ""Expansion and characterization of bone marrow derived human mesenchymal stromal cells in serum-free conditions."" Scientific Reports 11, no. 1 (2021): 1-18.",2.0,https://manipal.pure.elsevier.com/en/publications/expansion-and-characterization-of-bone-marrow-derived-human-mesen,2021.0,9.0,"Manipal College of Pharmaceutical Sciences, Manipal","13.357820737528458, 74.78562056443192",13.35782074,74.78562056,0.0
17,14,Xeno-Free Bioreactor Culture of Human Mesenchymal Stromal Cells on Chemically Defined Microcarriers,"Krutty, John D., Kevin Koesser, Stephen Schwartz, Junsu Yun, William L. Murphy, and Padma Gopalan. ""Xeno-Free Bioreactor Culture of Human Mesenchymal Stromal Cells on Chemically Defined Microcarriers."" ACS Biomaterials Science & Engineering 7, no. 2 (2021): 617-625.",1.0,https://pubs.acs.org/doi/abs/10.1021/acsbiomaterials.0c00663,2021.0,7.0,"Univeristy of Wisconsin, Madison","43.07703052474181, -89.41171505592702",43.07703052,-89.41171506,2.0
18,15,Stromal Cell Identity Modulates Vascular Morphogenesis in a Microvasculature-On-A-Chip Platform,"Margolis, Emily A., David S. Cleveland, Yen P. Kong, Jeffrey A. Beamish, William Y. Wang, Brendon M. Baker, and Andrew J. Putnam. ""Stromal cell identity modulates vascular morphogenesis in a microvasculature-on-a-chip platform."" Lab on a Chip 21, no. 6 (2021): 1150-1163.",2.0,https://pubs.rsc.org/en/content/articlelanding/2021/lc/d0lc01092h/unauth,2021.0,6.0,"University of Michigan, An Arbor, MI","42.27851955410376, -83.73732291031118",42.27851955,-83.73732291,3.0
25,21,Vascularized adipocyte organoid model using isolated human microvessel fragments,"Strobel, Hannah A., Thomas Gerton, and James B. Hoying. ""Vascularized adipocyte organoid model using isolated human microvessel fragments."" Biofabrication 13, no. 3 (2021): 035022.",1.0,https://iopscience.iop.org/article/10.1088/1758-5090/abe187/meta,2021.0,4.0,"Advanced Solutions Life Sciences, Manchester, NH","42.993283612808774, -71.46725758505589",42.99328361,-71.46725759,5.0
36,25,Mesenchymal Stem Cells Anchored with Thymidine Phosphorylase for Doxifluridine-Mediated Cancer Therapy,"Tarar, Ammar, Esmael M. Alyami, and Ching-An Peng. ""Mesenchymal stem cells anchored with thymidine phosphorylase for doxifluridine-mediated cancer therapy."" RSC Advances 11, no. 3 (2021): 1394-1403.",1.0,https://pubs.rsc.org/en/content/articlehtml/2021/ra/d0ra10263f,2021.0,3.0,University of Idaho,"46.728907982520035, -117.01234018123922",46.72890798,-117.0123402,6.0
24,20,Mesenchymal Stromal Cell Delivery via an Ex Vivo Bioreactor Preclinical Test System Attenuates Clot Formation for Intravascular Application,"O'Rourke, Brian, Sunny Nguyen, Arno W. Tilles, James A. Bynum, Andrew P. Cap, Biju Parekkadan, and Rita N. Barcia. ""Mesenchymal stromal cell delivery via an ex vivo bioreactor preclinical test system attenuates clot formation for intravascular application."" Stem cells translational medicine (2021).",1.0,https://stemcellsjournals.onlinelibrary.wiley.com/doi/full/10.1002/sctm.20-0454,2021.0,2.0,"US Army Institute of Surgical Research, Fort Sam Houston, Texas","29.456272245937985, -98.44470962841163",29.45627225,-98.44470963,7.0
23,20,Mesenchymal Stromal Cell Delivery via an Ex Vivo Bioreactor Preclinical Test System Attenuates Clot Formation for Intravascular Application,"O'Rourke, Brian, Sunny Nguyen, Arno W. Tilles, James A. Bynum, Andrew P. Cap, Biju Parekkadan, and Rita N. Barcia. ""Mesenchymal stromal cell delivery via an ex vivo bioreactor preclinical test system attenuates clot formation for intravascular application."" Stem cells translational medicine (2021).",1.0,https://stemcellsjournals.onlinelibrary.wiley.com/doi/full/10.1002/sctm.20-0454,2021.0,2.0,"Sentien Biotechnologies, Inc, Lexington, Massachusetts,","42.425833447655634, -71.24626986604491",42.42583345,-71.24626987,7.0
21,18,Design and Development of a New ambr250® Bioreactor Vessel for Improved Cell & Gene Therapy Applications,"Rotondi, Marco, Ned Grace, John Betts, Neil Bargh, Elena Costariol, Barney Zoro, Christopher J. Hewitt, Alvin W. Nienow, and Qasim A. Rafiq. ""Design and development of a new ambr250® bioreactor vessel for improved cell and gene therapy applications."" Biotechnology Letters 43, no. 5 (2021): 1103-1116.",2.0,https://link.springer.com/article/10.1007/s10529-021-03076-3,2021.0,2.0,University College London,"51.52466598373541, -0.13411520378346786",51.52466598,-0.1341152038,7.0
20,17,Electrospun Fibers Enhanced the Paracrine Signaling of Mesenchymal Stem Cells for Cartilage Regeneration,"Kadir, Nurul Dinah, Zheng Yang, Afizah Hassan, Vinitha Denslin, and Eng Hin Lee. ""Electrospun fibers enhanced the paracrine signaling of mesenchymal stem cells for cartilage regeneration."" Stem cell research & therapy 12, no. 1 (2021): 1-17.",1.0,https://stemcellres.biomedcentral.com/articles/10.1186/s13287-021-02137-8,2021.0,2.0,"Yong Loo Lin School of Medicine, National University of Singapore","1.2965707677485174, 103.78198171109419",1.296570768,103.7819817,7.0
33,23,Mesenchymal Stromal Cells: Getting Ready for Clinical Primetime,"Wobma, Holly, and Prakash Satwani. ""Mesenchymal stromal cells: Getting ready for clinical primetime."" Transfusion and Apheresis Science (2021): 103058.",1.0,https://www.sciencedirect.com/science/article/pii/S1473050221000082,2021.0,1.0,"Boston Children’s Hospital, Boston, MA","42.33808945497958, -71.10462998132401",42.33808945,-71.10462998,8.0
34,23,Mesenchymal Stromal Cells: Getting Ready for Clinical Primetime,"Wobma, Holly, and Prakash Satwani. ""Mesenchymal stromal cells: Getting ready for clinical primetime."" Transfusion and Apheresis Science (2021): 103058.",1.0,https://www.sciencedirect.com/science/article/pii/S1473050221000082,2021.0,1.0,"Columbia University Medical Center, New York, NY","40.839424295217015, -73.94029285995973",40.8394243,-73.94029286,8.0
35,24,Modeling & Controller Design for Enhanced Hollow-Fiber Bioreactor Performance,"Kanwar, Bharat, Stephen Balakirsky, and Anirban Mazumdar. ""Modeling and Controller Design for Enhanced Hollow-fiber Bioreactor Performance."" IEEE Control Systems Letters (2021).",1.0,https://ieeexplore.ieee.org/abstract/document/9319723,2021.0,1.0,Georgia Tech,"33.775813977322365, -84.39595240863217",33.77581398,-84.39595241,8.0
37,26,Directionalities of Magnetic Fields & Topographic Scaffolds Synergise to Enhance MSC Chondrogenesis,"Celik, Cenk, Alfredo Franco-Obregón, Eng Hin Lee, James HP Hui, and Zheng Yang. ""Directionalities of magnetic fields and topographic scaffolds synergise to enhance MSC chondrogenesis."" Acta Biomaterialia 119 (2021): 169-183.",5.0,https://www.sciencedirect.com/science/article/abs/pii/S1742706120306371,2021.0,1.0,"National University of Singapore, Singapore","1.296900025172057, 103.77667284672707",1.296900025,103.7766728,8.0
39,27,Dextran-Polyethylene Glycol Cryogels As Spongy Scaffolds for Drug Delivery,"Pacelli S, Di Muzio L, Paolicelli P, Fortunati V, Petralito S, Trilli J, Casadei MA. Dextran-polyethylene glycol cryogels as spongy scaffolds for drug delivery. International Journal of Biological Macromolecules. 2021 Jan 1;166:1292-300.",3.0,https://www.sciencedirect.com/science/article/abs/pii/S0141813020349102,2021.0,1.0,Sapienza University of Rome,"41.9038584007603, 12.51448131306388",41.9038584,12.51448131,8.0
40,28,A Streamlined Proliferation Assay Using Mixed Lymphocytes for Evaluation of Human Mesenchymal Stem Cell Immunomodulation Activity,"Herzig, Maryanne C., Christopher P. Delavan, Katherine J. Jensen, Carolina Cantu, Robbie K. Montgomery, Barbara A. Christy, Andrew P. Cap, and James A. Bynum. ""A streamlined proliferation assay using mixed lymphocytes for evaluation of human mesenchymal stem cell immunomodulation activity."" Journal of Immunological Methods 488 (2021): 112915.",1.0,https://www.sciencedirect.com/science/article/abs/pii/S002217592030209X,2021.0,1.0,"JBSA Fort Sam Houston, TX,","29.450487604225156, -98.45051519155682",29.4504876,-98.45051519,8.0
41,28,A Streamlined Proliferation Assay Using Mixed Lymphocytes for Evaluation of Human Mesenchymal Stem Cell Immunomodulation Activity,"Herzig, Maryanne C., Christopher P. Delavan, Katherine J. Jensen, Carolina Cantu, Robbie K. Montgomery, Barbara A. Christy, Andrew P. Cap, and James A. Bynum. ""A streamlined proliferation assay using mixed lymphocytes for evaluation of human mesenchymal stem cell immunomodulation activity."" Journal of Immunological Methods 488 (2021): 112915.",1.0,https://www.sciencedirect.com/science/article/abs/pii/S002217592030209X,2021.0,1.0,"UT Health San Antonio, San Antonio, TX,","29.50179319637728, -98.57574119369727",29.5017932,-98.57574119,8.0
42,29,Porcine Umbilical Cord Perivascular Cells for Preclinical Testing of Tissue-Engineered Heart Valves,"Latifi, Neda, Monica Lecce, and Craig A. Simmons. ""Porcine Umbilical Cord Perivascular Cells for Preclinical Testing of Tissue-Engineered Heart Valves."" Tissue Engineering Part C: Methods 27, no. 1 (2021): 35-46.",1.0,https://www.liebertpub.com/doi/abs/10.1089/ten.TEC.2020.0314,2021.0,1.0,"University of Toronto, Toronto, Canada","43.80043598664632, -79.14415628881468",43.80043599,-79.14415629,8.0
38,27,Dextran-Polyethylene Glycol Cryogels As Spongy Scaffolds for Drug Delivery,"Pacelli S, Di Muzio L, Paolicelli P, Fortunati V, Petralito S, Trilli J, Casadei MA. Dextran-polyethylene glycol cryogels as spongy scaffolds for drug delivery. International Journal of Biological Macromolecules. 2021 Jan 1;166:1292-300.",3.0,https://www.sciencedirect.com/science/article/abs/pii/S0141813020349102,2021.0,1.0,"The University of Texas at San Antonio, San Antonio, TX","29.582875036015775, -98.61817574184438",29.58287504,-98.61817574,8.0
45,30,Three-Dimensional Bioprinting Using a Coaxial Needle with Viscous Inks in Bone Tissue Engineering- An In Vitro Study,"Walladbegi, Java, Christian Schaefer, Elin Pernevik, Sanna Sämfors, Göran Kjeller, Paul Gatenholm, George K. Sándor, and Lars Rasmusson. ""Three-dimensional bioprinting using a coaxial needle with viscous inks in bone tissue engineering-An In vitro study."" Annals of maxillofacial surgery 10, no. 2 (2020): 370.",1.0,https://www.ncbi.nlm.nih.gov/pmc/articles/PMC7943998/,2020.0,12.0,"Oulu University Hospital, Oulu, Finland","65.00727298622796, 25.518963707100674",65.00727299,25.51896371,9.0
43,30,Three-Dimensional Bioprinting Using a Coaxial Needle with Viscous Inks in Bone Tissue Engineering- An In Vitro Study,"Walladbegi, Java, Christian Schaefer, Elin Pernevik, Sanna Sämfors, Göran Kjeller, Paul Gatenholm, George K. Sándor, and Lars Rasmusson. ""Three-dimensional bioprinting using a coaxial needle with viscous inks in bone tissue engineering-An In vitro study."" Annals of maxillofacial surgery 10, no. 2 (2020): 370.",1.0,https://www.ncbi.nlm.nih.gov/pmc/articles/PMC7943998/,2020.0,12.0,"University of Gothenburg, Gothenburg, Sweden","57.698326679115546, 11.972328609372875",57.69832668,11.97232861,9.0
44,30,Three-Dimensional Bioprinting Using a Coaxial Needle with Viscous Inks in Bone Tissue Engineering- An In Vitro Study,"Walladbegi, Java, Christian Schaefer, Elin Pernevik, Sanna Sämfors, Göran Kjeller, Paul Gatenholm, George K. Sándor, and Lars Rasmusson. ""Three-dimensional bioprinting using a coaxial needle with viscous inks in bone tissue engineering-An In vitro study."" Annals of maxillofacial surgery 10, no. 2 (2020): 370.",1.0,https://www.ncbi.nlm.nih.gov/pmc/articles/PMC7943998/,2020.0,12.0,"Chalmers University of Technology, Gothenburg, Sweden","57.68986919625777, 11.974783970732084",57.6898692,11.97478397,9.0
46,30,Three-Dimensional Bioprinting Using a Coaxial Needle with Viscous Inks in Bone Tissue Engineering- An In Vitro Study,"Walladbegi, Java, Christian Schaefer, Elin Pernevik, Sanna Sämfors, Göran Kjeller, Paul Gatenholm, George K. Sándor, and Lars Rasmusson. ""Three-dimensional bioprinting using a coaxial needle with viscous inks in bone tissue engineering-An In vitro study."" Annals of maxillofacial surgery 10, no. 2 (2020): 370.",1.0,https://www.ncbi.nlm.nih.gov/pmc/articles/PMC7943998/,2020.0,12.0,"Linkoping University Hospital, Linkoping, Sweden","58.40029647238683, 15.620355248041987",58.40029647,15.62035525,9.0
51,33,Engineered Liver Tissue Culture in an In Vitro Tubular Perfusion System,"Yang, Guang, Bhushan Mahadik, Trevor Mollot, Julia Pinsky, Athenia Jones, Alexis Robinson, Daniel Najafali et al. ""Engineered Liver Tissue Culture in an In Vitro Tubular Perfusion System."" Tissue Engineering Part A 26, no. 23-24 (2020): 1369-1377.",1.0,https://www.liebertpub.com/doi/abs/10.1089/ten.tea.2020.0213,2020.0,12.0,"University of Maryland, College Park, Maryland, USA","38.987026691840654, -76.94238264070758",38.98702669,-76.94238264,9.0
48,31,Investigation of Human Adipose Stem Cell-Derived Nanoparticles as a Biomimetic Carrier for Intracellular Drug Delivery,"Chakravarti, Aparna R., Settimio Pacelli, and Arghya Paul. ""Investigation of human adipose stem cell-derived nanoparticles as a biomimetic carrier for intracellular drug delivery."" Nanoscale 12, no. 47 (2020): 24273-24284.",1.0,https://pubs.rsc.org/en/content/articlelanding/2020/nr/d0nr06571d/unauth,2020.0,12.0,"The University of Texas at San Antonio, San Antonio, TX,","29.582781733453793, -98.61863708174825",29.58278173,-98.61863708,9.0
49,31,Investigation of Human Adipose Stem Cell-Derived Nanoparticles as a Biomimetic Carrier for Intracellular Drug Delivery,"Chakravarti, Aparna R., Settimio Pacelli, and Arghya Paul. ""Investigation of human adipose stem cell-derived nanoparticles as a biomimetic carrier for intracellular drug delivery."" Nanoscale 12, no. 47 (2020): 24273-24284.",1.0,https://pubs.rsc.org/en/content/articlelanding/2020/nr/d0nr06571d/unauth,2020.0,12.0,"The University of Western Ontario, London, ON N6A 5B9, Canada","43.009667687343004, -81.27311132981156",43.00966769,-81.27311133,9.0
50,32,Seaweed Polysaccharides as Macromolecular Crowding Agents,"De Pieri, Andrea, Shubhasmin Rana, Stefanie Korntner, and Dimitrios I. Zeugolis. ""Seaweed polysaccharides as macromolecular crowding agents."" International Journal of Biological Macromolecules 164 (2020): 434-446.",9.0,https://www.sciencedirect.com/science/article/pii/S0141813020338368,2020.0,12.0,"National University of Ireland Galway, Galway, Ireland","53.27921261458546, -9.061404607987427",53.27921261,-9.061404608,9.0
52,34,Methods for the Assembly & Characterization of Polyelectrolyte Multilayers as Microenvironments to Modulate Human Mesenchymal Stromal Cell Response,"Castilla-Casadiego, David A., Hemanta Timsina, Mahsa Haseli, Luis Pinzon-Herrera, Yu-Hsuan Chiao, S. Ranil Wickramasinghe, and Jorge Almodovar. ""Methods for the Assembly and Characterization of Polyelectrolyte Multilayers as Microenvironments to Modulate Human Mesenchymal Stromal Cell Response."" ACS Biomaterials Science & Engineering 6, no. 12 (2020): 6626-6651.",1.0,https://pubs.acs.org/doi/abs/10.1021/acsbiomaterials.0c01397,2020.0,12.0,"University of Arkansas, 3202 Bell Engineering Center, Fayetteville, Arkansas","36.067128794024676, -94.17054066642253",36.06712879,-94.17054067,9.0
47,31,Investigation of Human Adipose Stem Cell-Derived Nanoparticles as a Biomimetic Carrier for Intracellular Drug Delivery,"Chakravarti, Aparna R., Settimio Pacelli, and Arghya Paul. ""Investigation of human adipose stem cell-derived nanoparticles as a biomimetic carrier for intracellular drug delivery."" Nanoscale 12, no. 47 (2020): 24273-24284.",1.0,https://pubs.rsc.org/en/content/articlelanding/2020/nr/d0nr06571d/unauth,2020.0,12.0,"School of Engineering, University of Kansas, Lawrence, KS","38.95770599397077, -95.25211625877473",38.95770599,-95.25211626,9.0
62,40,Aspiration-Assisted Freeform Bioprinting of Pre-Fabricated Tissue Spheroids in a Yield-Stress Gel,"Ayan, Bugra, Nazmiye Celik, Zhifeng Zhang, Kui Zhou, Myoung Hwan Kim, Dishary Banerjee, Yang Wu, Francesco Costanzo, and Ibrahim T. Ozbolat. ""Aspiration-assisted freeform bioprinting of pre-fabricated tissue spheroids in a yield-stress gel."" Communications physics 3, no. 1 (2020): 1-14.",11.0,https://www.nature.com/articles/s42005-020-00449-4,2020.0,11.0,"Penn State University, University Park, PA","40.796683853775754, -77.86229058904637",40.79668385,-77.86229059,10.0
61,39,Identification & Characterization of a Large Source of Primary Mesenchymal Stem Cells Tightly Adhered to Bone Surfaces of Human Vertebral Body Marrow Cavities,"Johnstone, Brian H., Hannah M. Miller, Madelyn R. Beck, Dongsheng Gu, Sreedhar Thirumala, Michael LaFontaine, Gerald Brandacher, and Erik J. Woods. ""Identification and characterization of a large source of primary mesenchymal stem cells tightly adhered to bone surfaces of human vertebral body marrow cavities."" Cytotherapy 22, no. 11 (2020): 617-628.",1.0,https://www.sciencedirect.com/science/article/pii/S146532492030791X,2020.0,11.0,"Johns Hopkins University School of Medicine, Baltimore, Maryland","39.32997596918007, -76.62016365047657",39.32997597,-76.62016365,10.0
60,39,Identification & Characterization of a Large Source of Primary Mesenchymal Stem Cells Tightly Adhered to Bone Surfaces of Human Vertebral Body Marrow Cavities,"Johnstone, Brian H., Hannah M. Miller, Madelyn R. Beck, Dongsheng Gu, Sreedhar Thirumala, Michael LaFontaine, Gerald Brandacher, and Erik J. Woods. ""Identification and characterization of a large source of primary mesenchymal stem cells tightly adhered to bone surfaces of human vertebral body marrow cavities."" Cytotherapy 22, no. 11 (2020): 617-628.",1.0,https://www.sciencedirect.com/science/article/pii/S146532492030791X,2020.0,11.0,"Marian University, Indianapolis, Indiana","39.81827256973421, -86.20244246580737",39.81827257,-86.20244247,10.0
59,38,Mesenchymal Stem Cell-Derived Extracellular Vesicles Suppress the Fibroblast Proliferation by Downregulating FZD6 Expression in Fibroblasts via MicrRNA-29b-3p in Idiopathic Pulmonary Fibrosis,"Wan, Xuan, Shuyun Chen, Yan Fang, Wei Zuo, Jian Cui, and Shiguang Xie. ""Mesenchymal stem cell‐derived extracellular vesicles suppress the fibroblast proliferation by downregulating FZD6 expression in fibroblasts via micrRNA‐29b‐3p in idiopathic pulmonary fibrosis."" Journal of cellular physiology 235, no. 11 (2020): 8613-8625.",8.0,https://onlinelibrary.wiley.com/doi/abs/10.1002/jcp.29706,2020.0,11.0,"The First Affiliated Hospital of Nanchang University, Nanchang, China","28.68596477480955, 115.9111534854905",28.68596477,115.9111535,10.0
58,37,Sub-Nanoliter Metabolomics via Mass Spectrometry to Characterize Volume-Limited Samples,"Li, Yafeng, Marcos Bouza, Changsheng Wu, Hengyu Guo, Danning Huang, Gilad Doron, Johnna S. Temenoff, Arlene A. Stecenko, Zhong Lin Wang, and Facundo M. Fernández. ""Sub-nanoliter metabolomics via mass spectrometry to characterize volume-limited samples."" Nature communications 11, no. 1 (2020): 1-16.",10.0,https://www.nature.com/articles/s41467-020-19444-y,2020.0,11.0,"Georgia Institute of Technology, Atlanta, GA","33.775778305161914, -84.39588803529266",33.77577831,-84.39588804,10.0
57,36,Overcoming Stromal Barriers to Immuno-Oncological Responses via Fibroblast Activation Protein-Targeted Therapy,"Brennen, W. Nathaniel, Daniel L. J Thorek, Wen Jiang, Timothy E. Krueger, Lizamma Antony, Samuel R. Denmeade, and John T. Isaacs. ""Overcoming stromal barriers to immuno-oncological responses via fibroblast activation protein-targeted therapy."" Immunotherapy 13, no. 2 (2021): 155-175.",4.0,https://www.futuremedicine.com/doi/abs/10.2217/imt-2020-0066,2020.0,11.0,"Washington University School of Medicine, Saint Louis, MO","38.6352697899661, -90.26331514021625",38.63526979,-90.26331514,10.0
56,36,Overcoming Stromal Barriers to Immuno-Oncological Responses via Fibroblast Activation Protein-Targeted Therapy,"Brennen, W. Nathaniel, Daniel L. J Thorek, Wen Jiang, Timothy E. Krueger, Lizamma Antony, Samuel R. Denmeade, and John T. Isaacs. ""Overcoming stromal barriers to immuno-oncological responses via fibroblast activation protein-targeted therapy."" Immunotherapy 13, no. 2 (2021): 155-175.",4.0,https://www.futuremedicine.com/doi/abs/10.2217/imt-2020-0066,2020.0,11.0,"Johns Hopkins University, Baltimore, MD","39.32997596918007, -76.62016365047657",39.32997597,-76.62016365,10.0
54,35,"Development of a Semi-Automated, Bulk Seeding Device for Large Animal Model Implantation of Tissue Engineered Vascular Grafts","Cunnane, Eoghan M., Katherine L. Lorentz, Lorenzo Soletti, Aneesh K. Ramaswamy, Timothy K. Chung, Darren G. Haskett, Samuel K. Luketich et al. ""Development of a semi-automated, bulk seeding device for large animal model implantation of tissue engineered vascular grafts."" Frontiers in bioengineering and biotechnology 8 (2020).",4.0,https://www.ncbi.nlm.nih.gov/pmc/articles/PMC7644804/,2020.0,10.0,"University of Pittsburgh, Pittsburgh, PA, United States","40.44441043457709, -79.96069552717151",40.44441043,-79.96069553,11.0
53,35,"Development of a Semi-Automated, Bulk Seeding Device for Large Animal Model Implantation of Tissue Engineered Vascular Grafts","Cunnane, Eoghan M., Katherine L. Lorentz, Lorenzo Soletti, Aneesh K. Ramaswamy, Timothy K. Chung, Darren G. Haskett, Samuel K. Luketich et al. ""Development of a semi-automated, bulk seeding device for large animal model implantation of tissue engineered vascular grafts."" Frontiers in bioengineering and biotechnology 8 (2020).",4.0,https://www.ncbi.nlm.nih.gov/pmc/articles/PMC7644804/,2020.0,10.0,"Royal College of Surgeons in Ireland, Dublin, Ireland","53.339274798651246, -6.262724763471732",53.3392748,-6.262724763,11.0
65,42,Strategies for Scalable Manufacturing & Translation of MSC-Derived Extracellular Vesicles,"Adlerz, Katrina, Divya Patel, Jon Rowley, Kelvin Ng, and Tabassum Ahsan. ""Strategies for scalable manufacturing and translation of MSC-derived extracellular vesicles."" Stem Cell Research 48 (2020): 101978.",6.0,https://www.sciencedirect.com/science/article/pii/S1873506120302798#!,2020.0,10.0,"RoosterBio, Frederick, MD","39.38216737671094, -77.41490508156879",39.38216738,-77.41490508,11.0
55,35,"Development of a Semi-Automated, Bulk Seeding Device for Large Animal Model Implantation of Tissue Engineered Vascular Grafts","Cunnane, Eoghan M., Katherine L. Lorentz, Lorenzo Soletti, Aneesh K. Ramaswamy, Timothy K. Chung, Darren G. Haskett, Samuel K. Luketich et al. ""Development of a semi-automated, bulk seeding device for large animal model implantation of tissue engineered vascular grafts."" Frontiers in bioengineering and biotechnology 8 (2020).",4.0,https://www.ncbi.nlm.nih.gov/pmc/articles/PMC7644804/,2020.0,10.0,"RiMED Foundation, Palermo, Italy","38.11871133157167, 13.362740149486159",38.11871133,13.36274015,11.0
66,42,Strategies for Scalable Manufacturing & Translation of MSC-Derived Extracellular Vesicles,"Adlerz, Katrina, Divya Patel, Jon Rowley, Kelvin Ng, and Tabassum Ahsan. ""Strategies for scalable manufacturing and translation of MSC-derived extracellular vesicles."" Stem Cell Research 48 (2020): 101978.",6.0,https://www.sciencedirect.com/science/article/pii/S1873506120302798#!,2020.0,10.0,"Bioprocessing Technology Institute (BTI), Singapore","1.3041575201988858, 103.7921177773865",1.30415752,103.7921178,11.0
104,68,Hydrogel to guide chondrogenesis versus osteogenesis of MSCs for fabrication of cartilaginous tissues,"Chen, Jingming, Adam Chin, Alejandro J. Almarza, and Juan M. Taboas. ""Hydrogel to guide chondrogenesis versus osteogenesis of mesenchymal stem cells for fabrication of cartilaginous tissues."" Biomedical Materials 15, no. 4 (2020): 045006.",9.0,https://pubmed.ncbi.nlm.nih.gov/31470441/,2020.0,5.0,"University of Pittsburgh, Pittsburgh, PA","40.44486040711073, -79.96077151647157",40.44486041,-79.96077152,16.0
63,41,Modulation of the In Vitro Angiogenic Potential of Human Mesenchymal Stromal Cells from Different Tissue Sources,"Pinto, Diogo S., Tabassum Ahsan, Joana Serra, Ana Fernandes‐Platzgummer, Joaquim MS Cabral, and Cláudia L. da Silva. ""Modulation of the in vitro angiogenic potential of human mesenchymal stromal cells from different tissue sources."" Journal of cellular physiology 235, no. 10 (2020): 7224-7238.",8.0,https://onlinelibrary.wiley.com/doi/abs/10.1002/jcp.29622,2020.0,2.0,"Universidade de Lisboa, Lisboa, Portugal","38.75276756254573, -9.157753489710437",38.75276756,-9.15775349,19.0
64,41,Modulation of the In Vitro Angiogenic Potential of Human Mesenchymal Stromal Cells from Different Tissue Sources,"Pinto, Diogo S., Tabassum Ahsan, Joana Serra, Ana Fernandes‐Platzgummer, Joaquim MS Cabral, and Cláudia L. da Silva. ""Modulation of the in vitro angiogenic potential of human mesenchymal stromal cells from different tissue sources."" Journal of cellular physiology 235, no. 10 (2020): 7224-7238.",8.0,https://onlinelibrary.wiley.com/doi/abs/10.1002/jcp.29622,2020.0,2.0,"Tulane University, New Orleans, Louisiana","29.94083044874504, -90.1197480740079",29.94083045,-90.11974807,19.0
19,16,Pulsed Electromagnetic Fields Potentiate the Paracrine Function of Mesenchymal Stem Cells for Cartilage Regeneration,"Parate, Dinesh, Nurul Dinah Kadir, Cenk Celik, Eng Hin Lee, James HP Hui, Alfredo Franco-Obregón, and Zheng Yang. ""Pulsed electromagnetic fields potentiate the paracrine function of mesenchymal stem cells for cartilage regeneration."" Stem cell research & therapy 11, no. 1 (2020): 1-16.",16.0,https://pubmed.ncbi.nlm.nih.gov/32014064/,2020.0,2.0,"National University of Singapore, Singapore","1.2968356686462166, 103.77661920255218",1.296835669,103.7766192,19.0
32,22,Hippo Deficiency Leads to Cardiac Dysfunction Accompanied by Cardiomyocyte De-Differentiation During Pressure Overload,"Ikeda, Shohei, Wataru Mizushima, Sebastiano Sciarretta, Maha Abdellatif, Peiyong Zhai, Risa Mukai, Nadezhda Fefelova et al. ""Hippo deficiency leads to cardiac dysfunction accompanied by cardiomyocyte dedifferentiation during pressure overload."" Circulation research 124, no. 2 (2019): 292-305.",34.0,https://www.ncbi.nlm.nih.gov/pmc/articles/PMC6645688/,2020.0,1.0,"Korea Advanced Institute of Science and Technology, Daejeon, Republic of Korea.","36.37231545330298, 127.36035781105066",36.37231545,127.3603578,20.0
31,22,Hippo Deficiency Leads to Cardiac Dysfunction Accompanied by Cardiomyocyte De-Differentiation During Pressure Overload,"Ikeda, Shohei, Wataru Mizushima, Sebastiano Sciarretta, Maha Abdellatif, Peiyong Zhai, Risa Mukai, Nadezhda Fefelova et al. ""Hippo deficiency leads to cardiac dysfunction accompanied by cardiomyocyte dedifferentiation during pressure overload."" Circulation research 124, no. 2 (2019): 292-305.",34.0,https://www.ncbi.nlm.nih.gov/pmc/articles/PMC6645688/,2020.0,1.0,"Tohoku University Graduate School of Medicine, Sendai, Japan","38.254019331561274, 140.87433148964993",38.25401933,140.8743315,20.0
30,22,Hippo Deficiency Leads to Cardiac Dysfunction Accompanied by Cardiomyocyte De-Differentiation During Pressure Overload,"Ikeda, Shohei, Wataru Mizushima, Sebastiano Sciarretta, Maha Abdellatif, Peiyong Zhai, Risa Mukai, Nadezhda Fefelova et al. ""Hippo deficiency leads to cardiac dysfunction accompanied by cardiomyocyte dedifferentiation during pressure overload."" Circulation research 124, no. 2 (2019): 292-305.",34.0,https://www.ncbi.nlm.nih.gov/pmc/articles/PMC6645688/,2020.0,1.0," National Yang-Ming University School of Medicine, Taiwan","25.017496040036203, 121.5401058488305",25.01749604,121.5401058,20.0
29,22,Hippo Deficiency Leads to Cardiac Dysfunction Accompanied by Cardiomyocyte De-Differentiation During Pressure Overload,"Ikeda, Shohei, Wataru Mizushima, Sebastiano Sciarretta, Maha Abdellatif, Peiyong Zhai, Risa Mukai, Nadezhda Fefelova et al. ""Hippo deficiency leads to cardiac dysfunction accompanied by cardiomyocyte dedifferentiation during pressure overload."" Circulation research 124, no. 2 (2019): 292-305.",34.0,https://www.ncbi.nlm.nih.gov/pmc/articles/PMC6645688/,2020.0,1.0,"University of Cincinnati, Cincinnati, Ohio, USA","39.13305503447223, -84.5146392661486",39.13305503,-84.51463927,20.0
28,22,Hippo Deficiency Leads to Cardiac Dysfunction Accompanied by Cardiomyocyte De-Differentiation During Pressure Overload,"Ikeda, Shohei, Wataru Mizushima, Sebastiano Sciarretta, Maha Abdellatif, Peiyong Zhai, Risa Mukai, Nadezhda Fefelova et al. ""Hippo deficiency leads to cardiac dysfunction accompanied by cardiomyocyte dedifferentiation during pressure overload."" Circulation research 124, no. 2 (2019): 292-305.",34.0,https://www.ncbi.nlm.nih.gov/pmc/articles/PMC6645688/,2020.0,1.0,"RoosterBio Inc. Frederick, Maryland, USA","39.3822088400481, -77.41503382750058",39.38220884,-77.41503383,20.0
27,22,Hippo Deficiency Leads to Cardiac Dysfunction Accompanied by Cardiomyocyte De-Differentiation During Pressure Overload,"Ikeda, Shohei, Wataru Mizushima, Sebastiano Sciarretta, Maha Abdellatif, Peiyong Zhai, Risa Mukai, Nadezhda Fefelova et al. ""Hippo deficiency leads to cardiac dysfunction accompanied by cardiomyocyte dedifferentiation during pressure overload."" Circulation research 124, no. 2 (2019): 292-305.",34.0,https://www.ncbi.nlm.nih.gov/pmc/articles/PMC6645688/,2020.0,1.0,"Sapienza University of Rome, Latina, Italy","41.47080578701827, 12.903855056643437",41.47080579,12.90385506,20.0
26,22,Hippo Deficiency Leads to Cardiac Dysfunction Accompanied by Cardiomyocyte De-Differentiation During Pressure Overload,"Ikeda, Shohei, Wataru Mizushima, Sebastiano Sciarretta, Maha Abdellatif, Peiyong Zhai, Risa Mukai, Nadezhda Fefelova et al. ""Hippo deficiency leads to cardiac dysfunction accompanied by cardiomyocyte dedifferentiation during pressure overload."" Circulation research 124, no. 2 (2019): 292-305.",34.0,https://www.ncbi.nlm.nih.gov/pmc/articles/PMC6645688/,2020.0,1.0,"Rutgers New Jersey Medical School, Newark, New Jersey","40.740177927391294, -74.18932340842893",40.74017793,-74.18932341,20.0
79,50,Deciphering the relative roles of matrix metalloproteinase‐ and plasmin‐mediated matrix degradation during capillary morphogenesis using engineered hydrogels,"Beamish, Jeffrey A., Benjamin A. Juliar, David S. Cleveland, Megan E. Busch, Likitha Nimmagadda, and Andrew J. Putnam. ""Deciphering the relative roles of matrix metalloproteinase‐and plasmin‐mediated matrix degradation during capillary morphogenesis using engineered hydrogels."" Journal of Biomedical Materials Research Part B: Applied Biomaterials 107, no. 8 (2019): 2507-2516.",5.0,https://pubmed.ncbi.nlm.nih.gov/30784190/,2019.0,11.0,"University of Michigan, Ann Arbor, Michigan","42.278392544582076, -83.7361212818449",42.27839254,-83.73612128,22.0
125,81,Mesenchymal stromal cell exosomes prevent and revert experimental pulmonary fibrosis through modulation of monocyte phenotypes,"Mansouri, Nahal, Gareth R. Willis, Angeles Fernandez-Gonzalez, Monica Reis, Sina Nassiri, S. Alex Mitsialis, and Stella Kourembanas. ""Mesenchymal stromal cell exosomes prevent and revert experimental pulmonary fibrosis through modulation of monocyte phenotypes."" JCI insight 4, no. 21 (2019).",77.0,https://pubmed.ncbi.nlm.nih.gov/31581150/,2019.0,11.0,"Lausanne University Hospital (CHUV), University of Lausanne (UNIL), Lausanne, Switzerland","46.52856393013362, 6.644251962739212",46.52856393,6.644251963,22.0
124,81,Mesenchymal stromal cell exosomes prevent and revert experimental pulmonary fibrosis through modulation of monocyte phenotypes,"Mansouri, Nahal, Gareth R. Willis, Angeles Fernandez-Gonzalez, Monica Reis, Sina Nassiri, S. Alex Mitsialis, and Stella Kourembanas. ""Mesenchymal stromal cell exosomes prevent and revert experimental pulmonary fibrosis through modulation of monocyte phenotypes."" JCI insight 4, no. 21 (2019).",77.0,https://pubmed.ncbi.nlm.nih.gov/31581150/,2019.0,11.0,"Brigham and Women's Hospital, Boston, Massachusetts, USA","42.33919570228878, -71.10705048114156",42.3391957,-71.10705048,22.0
123,81,Mesenchymal stromal cell exosomes prevent and revert experimental pulmonary fibrosis through modulation of monocyte phenotypes,"Mansouri, Nahal, Gareth R. Willis, Angeles Fernandez-Gonzalez, Monica Reis, Sina Nassiri, S. Alex Mitsialis, and Stella Kourembanas. ""Mesenchymal stromal cell exosomes prevent and revert experimental pulmonary fibrosis through modulation of monocyte phenotypes."" JCI insight 4, no. 21 (2019).",77.0,https://pubmed.ncbi.nlm.nih.gov/31581150/,2019.0,11.0,"Harvard Medical School, Boston, Massachusetts","42.33626933487222, -71.10297700400105",42.33626933,-71.102977,22.0
122,81,Mesenchymal stromal cell exosomes prevent and revert experimental pulmonary fibrosis through modulation of monocyte phenotypes,"Mansouri, Nahal, Gareth R. Willis, Angeles Fernandez-Gonzalez, Monica Reis, Sina Nassiri, S. Alex Mitsialis, and Stella Kourembanas. ""Mesenchymal stromal cell exosomes prevent and revert experimental pulmonary fibrosis through modulation of monocyte phenotypes."" JCI insight 4, no. 21 (2019).",77.0,https://pubmed.ncbi.nlm.nih.gov/31581150/,2019.0,11.0,"Boston Children's Hospital (BCH), Boston, Massachusetts","42.33947263383851, -71.10164663019083",42.33947263,-71.10164663,22.0
113,74,Integration of Mesenchymal Stem Cells into a Novel Micropillar Confinement Assay,"Doolin, Mary T., and Kimberly M. Stroka. ""Integration of mesenchymal stem cells into a novel micropillar confinement assay."" Tissue Engineering Part C: Methods 25, no. 11 (2019): 662-676.",6.0,https://www.liebertpub.com/doi/abs/10.1089/ten.TEC.2019.0083,2019.0,11.0,"University of Maryland, College Park, MD","38.98758512279344, -76.9438847109073",38.98758512,-76.94388471,22.0
99,65,3D printed HUVECs/MSCs cocultures impact cellular interactions and angiogenesis depending on cell-cell distance,"Piard, Charlotte, Anjana Jeyaram, Yi Liu, John Caccamese, Steven M. Jay, Yu Chen, and John Fisher. ""3D printed HUVECs/MSCs cocultures impact cellular interactions and angiogenesis depending on cell-cell distance."" Biomaterials 222 (2019): 119423.",24.0,https://pubmed.ncbi.nlm.nih.gov/31442885/,2019.0,11.0,"University of Maryland, College Park, MD","38.98758512279344, -76.9438847109073",38.98758512,-76.94388471,22.0
118,79,Intracellular Delivery of Exogenous Macromolecules into Human Mesenchymal Stem Cells by Double Deformation of the Plasma Membrane,"Modaresi, Saman, Settimio Pacelli, Siddharth Subham, Kavya Dathathreya, and Arghya Paul. ""Intracellular Delivery of Exogenous Macromolecules into Human Mesenchymal Stem Cells by Double Deformation of the Plasma Membrane."" Advanced Therapeutics 3, no. 1 (2020): 1900130.",6.0,https://onlinelibrary.wiley.com/doi/abs/10.1002/adtp.201900130,2019.0,10.0,"University of Kansas, Lawrence, KS","38.954677302165486, -95.25807064845223",38.9546773,-95.25807065,23.0
107,71,Development of microRNA-146a enriched stem cell secretome for wound healing applications,"Waters, Renae, Siddharth Subham, Settimio Pacelli, Saman Modaresi, Aparna R. Chakravarti, and Arghya Paul. ""Development of MicroRNA-146a-enriched stem cell secretome for wound-healing applications."" Molecular pharmaceutics 16, no. 10 (2019): 4302-4312.",14.0,https://pubmed.ncbi.nlm.nih.gov/31398053/,2019.0,10.0,"University of Kansas , Lawrence , Kansas","38.95501102977097, -95.25579613531455",38.95501103,-95.25579614,23.0
106,70,Nucleic Acid-based dual cross-linked hydrogels for in situ tissue repair via directional stem cell migration,"Basu, Sayantani, Abdul-Rahman Alkiswani, Settimio Pacelli, and Arghya Paul. ""Nucleic acid-based dual cross-linked hydrogels for in situ tissue repair via directional stem cell migration."" ACS applied materials & interfaces 11, no. 38 (2019): 34621-34633.",13.0,https://pubmed.ncbi.nlm.nih.gov/31483598/,2019.0,9.0,"University of Kansas , Lawrence , Kansas","38.95501102977097, -95.25579613531455",38.95501103,-95.25579614,24.0
9,7,Conditioning of myoblast secretome using mesenchymal stem/stromal cell spheroids improves bone repair,"Saiz Jr, Augustine M., Marissa A. Gionet-Gonzales, Mark A. Lee, and J. Kent Leach. ""Conditioning of myoblast secretome using mesenchymal stem/stromal cell spheroids improves bone repair."" Bone 125 (2019): 151-159.",3.0,https://pubmed.ncbi.nlm.nih.gov/31102712/,2019.0,8.0,"University of California at Davis, Davis, CA","38.54120035035515, -121.76194092695917",38.54120035,-121.7619409,25.0
87,56,The effects of cell type and culture condition on the procoagulant activity of human mesenchymal stromal cell-derived extracellular vesicles,"University of Maryland, College Park, MD",25.0,https://pubmed.ncbi.nlm.nih.gov/31246910/,2019.0,7.0,"U.S. Army Institute of Surgical Research, Fort Sam Houston, San Antonio, Texas","29.461321540979, -98.41490768089385",29.46132154,-98.41490768,26.0
115,76,Rapid Detection of Senescent Mesenchymal Stromal Cells by a Fluorescent Probe,"Ang, Joshur, Yong‐An Lee, Deepak Raghothaman, Premkumar Jayaraman, Kim L. Teo, Fahima J. Khan, Shaul Reuveny, Young‐Tae Chang, Nam‐Young Kang, and Steve Oh. ""Rapid detection of senescent mesenchymal stromal cells by a fluorescent probe."" Biotechnology journal 14, no. 10 (2019): 1800691.",8.0,https://onlinelibrary.wiley.com/doi/abs/10.1002/biot.201800691,2019.0,6.0,"A*STAR, Singapore","1.2996279753827489, 103.78918519904818",1.299627975,103.7891852,27.0
92,59,Recent advances in three-dimensional bioprinting of stem cells,"Eswaramoorthy, Sindhuja D., Seeram Ramakrishna, and Subha N. Rath. ""Recent advances in three‐dimensional bioprinting of stem cells."" Journal of tissue engineering and regenerative medicine 13, no. 6 (2019): 908-924.",21.0,https://pubmed.ncbi.nlm.nih.gov/30866145/,2019.0,6.0,"NUS Nanoscience & Nanotechnology Initiative, Singapore","1.300071553668538, 103.7755552894481",1.300071554,103.7755553,27.0
91,59,Recent advances in three-dimensional bioprinting of stem cells,"Eswaramoorthy, Sindhuja D., Seeram Ramakrishna, and Subha N. Rath. ""Recent advances in three‐dimensional bioprinting of stem cells."" Journal of tissue engineering and regenerative medicine 13, no. 6 (2019): 908-924.",21.0,https://pubmed.ncbi.nlm.nih.gov/30866145/,2019.0,6.0,"Indian Institute of Technology Hyderabad (IITH), Sangareddy, Telangana, India","17.59523430664843, 78.12505707785711",17.59523431,78.12505708,27.0
85,54,Early hMSC morphology and proliferation on model polyelectrolyte multilayers,"Ding, Ivan, Jenna A. Walz, Charles R. Mace, and Amy M. Peterson. ""Early hMSC morphology and proliferation on model polyelectrolyte multilayers."" Colloids and Surfaces B: Biointerfaces 178 (2019): 276-284.",5.0,https://pubmed.ncbi.nlm.nih.gov/30878802/,2019.0,6.0,Tufts University,"42.40894869336766, -71.11569801301135",42.40894869,-71.11569801,27.0
84,54,Early hMSC morphology and proliferation on model polyelectrolyte multilayers,"Ding, Ivan, Jenna A. Walz, Charles R. Mace, and Amy M. Peterson. ""Early hMSC morphology and proliferation on model polyelectrolyte multilayers."" Colloids and Surfaces B: Biointerfaces 178 (2019): 276-284.",5.0,https://pubmed.ncbi.nlm.nih.gov/30878802/,2019.0,6.0,"University of Massachusetts Lowell,","42.656205214355595, -71.32351480383132",42.65620521,-71.3235148,27.0
2,2,Three-Dimensional Printed Polylactic Acid Scaffolds Promote Bone-like Matrix Deposition in Vitro,"Fairag, Rayan, Derek H. Rosenzweig, Jose L. Ramirez-Garcialuna, Michael H. Weber, and Lisbet Haglund. ""Three-dimensional printed polylactic acid scaffolds promote bone-like matrix deposition in vitro."" ACS applied materials & interfaces 11, no. 17 (2019): 15306-15315.",39.0,https://pubmed.ncbi.nlm.nih.gov/30973708/,2019.0,5.0,"Shriners Hospital for Children, Montreal, Canada","45.47175760596899, -73.60107898117334",45.47175761,-73.60107898,28.0
8,6,Enhanced proliferation and differentiation of mesenchymal stem cells by astaxanthin-encapsulated polymeric micelles,"Zhang, Jun, and Ching-An Peng. ""Enhanced proliferation and differentiation of mesenchymal stem cells by astaxanthin-encapsulated polymeric micelles."" PloS one 14, no. 5 (2019): e0216755.",8.0,https://pubmed.ncbi.nlm.nih.gov/31107886/,2019.0,5.0,"University of Idaho, Moscow, ID","46.72890062822295, -117.01222216393322",46.72890063,-117.0122222,28.0
11,9,Heparin/Collagen Coatings Improve Human Mesenchymal Stromal Cell Response to Interferon Gamma,"Castilla-Casadiego, David A., José R. García, Andrés J. García, and Jorge Almodovar. ""Heparin/collagen coatings improve human mesenchymal stromal cell response to interferon gamma."" ACS Biomaterials Science & Engineering 5, no. 6 (2019): 2793-2803.",8.0,https://pubs.acs.org/doi/full/10.1021/acsbiomaterials.9b00008,2019.0,5.0,"University of Puerto Rico Mayaguez, Puerto Rico","18.21113408232875, -67.14100979114825",18.21113408,-67.14100979,28.0
12,9,Heparin/Collagen Coatings Improve Human Mesenchymal Stromal Cell Response to Interferon Gamma,"Castilla-Casadiego, David A., José R. García, Andrés J. García, and Jorge Almodovar. ""Heparin/collagen coatings improve human mesenchymal stromal cell response to interferon gamma."" ACS Biomaterials Science & Engineering 5, no. 6 (2019): 2793-2803.",8.0,https://pubs.acs.org/doi/full/10.1021/acsbiomaterials.9b00008,2019.0,5.0,"Georgia Institute of Technology, Atlanta, Georgia","33.775194211179226, -84.3966356694407",33.77519421,-84.39663567,28.0
1,2,Three-Dimensional Printed Polylactic Acid Scaffolds Promote Bone-like Matrix Deposition in Vitro,"Fairag, Rayan, Derek H. Rosenzweig, Jose L. Ramirez-Garcialuna, Michael H. Weber, and Lisbet Haglund. ""Three-dimensional printed polylactic acid scaffolds promote bone-like matrix deposition in vitro."" ACS applied materials & interfaces 11, no. 17 (2019): 15306-15315.",39.0,https://pubmed.ncbi.nlm.nih.gov/30973708/,2019.0,5.0,"King Abdulaziz University, Saudi Arabia","21.49327746843772, 39.23960863720854",21.49327747,39.23960864,28.0
108,72,Multivascular networks and functional intravascular topologies within biocompatible hydrogels,"Grigoryan, Bagrat, Samantha J. Paulsen, Daniel C. Corbett, Daniel W. Sazer, Chelsea L. Fortin, Alexander J. Zaita, Paul T. Greenfield et al. ""Multivascular networks and functional intravascular topologies within biocompatible hydrogels."" Science 364, no. 6439 (2019): 458-464.",458.0,https://pubmed.ncbi.nlm.nih.gov/31048486/,2019.0,5.0,"Rice University, Houston, TX","29.717990148875554, -95.40294703830523",29.71799015,-95.40294704,28.0
109,72,Multivascular networks and functional intravascular topologies within biocompatible hydrogels,"Grigoryan, Bagrat, Samantha J. Paulsen, Daniel C. Corbett, Daniel W. Sazer, Chelsea L. Fortin, Alexander J. Zaita, Paul T. Greenfield et al. ""Multivascular networks and functional intravascular topologies within biocompatible hydrogels."" Science 364, no. 6439 (2019): 458-464.",458.0,https://pubmed.ncbi.nlm.nih.gov/31048486/,2019.0,5.0,"University of Washington, Seattle, WA","47.65594181674756, -122.30296203117898",47.65594182,-122.302962,28.0
111,72,Multivascular networks and functional intravascular topologies within biocompatible hydrogels,"Grigoryan, Bagrat, Samantha J. Paulsen, Daniel C. Corbett, Daniel W. Sazer, Chelsea L. Fortin, Alexander J. Zaita, Paul T. Greenfield et al. ""Multivascular networks and functional intravascular topologies within biocompatible hydrogels."" Science 364, no. 6439 (2019): 458-464.",458.0,https://pubmed.ncbi.nlm.nih.gov/31048486/,2019.0,5.0,"Rowan University, Glassboro, NJ","39.71039775551027, -75.11657539906255",39.71039776,-75.1165754,28.0
14,11,Nuclear Deformation in Response to Mechanical Confinement is Cell Type Dependent,"Doolin, Mary T., Thea S. Ornstein, and Kimberly M. Stroka. ""Nuclear deformation in response to mechanical confinement is cell type dependent."" Cells 8, no. 5 (2019): 427.",6.0,https://pubmed.ncbi.nlm.nih.gov/31072066/,2019.0,5.0,"University of Maryland, College Park, MD","38.987093406909196, -76.94257575996157",38.98709341,-76.94257576,28.0
110,72,Multivascular networks and functional intravascular topologies within biocompatible hydrogels,"Grigoryan, Bagrat, Samantha J. Paulsen, Daniel C. Corbett, Daniel W. Sazer, Chelsea L. Fortin, Alexander J. Zaita, Paul T. Greenfield et al. ""Multivascular networks and functional intravascular topologies within biocompatible hydrogels."" Science 364, no. 6439 (2019): 458-464.",458.0,https://pubmed.ncbi.nlm.nih.gov/31048486/,2019.0,5.0,"Duke University, Durham, NC","36.00423763956455, -78.93827155206944",36.00423764,-78.93827155,28.0
143,91,Human primary fibroblasts perform similarly to MSCs in assays used to evaluate MSC safety and potency CAUTION,"Christy, Barbara A., Maryanne C. Herzig, Christopher Delavan, Carolina Cantu, Christi Salgado, James A. Bynum, and Andrew P. Cap. ""Human primary fibroblasts perform similarly to MSCs in assays used to evaluate MSC safety and potency."" Transfusion 59, no. S2 (2019): 1593-1600.",5.0,https://pubmed.ncbi.nlm.nih.gov/30980752/,2019.0,4.0,"Baylor University, Waco, Texas","31.54947715509152, -97.11181279374908",31.54947716,-97.11181279,29.0
141,91,Human primary fibroblasts perform similarly to MSCs in assays used to evaluate MSC safety and potency CAUTION,"Christy, Barbara A., Maryanne C. Herzig, Christopher Delavan, Carolina Cantu, Christi Salgado, James A. Bynum, and Andrew P. Cap. ""Human primary fibroblasts perform similarly to MSCs in assays used to evaluate MSC safety and potency."" Transfusion 59, no. S2 (2019): 1593-1600.",5.0,https://pubmed.ncbi.nlm.nih.gov/30980752/,2019.0,4.0,"US Army Institute of Surgical Research, JBSA Fort Sam Houston, Texas","29.46150837016154, -98.41576598773827",29.46150837,-98.41576599,29.0
15,12,Mechanical and Biochemical Stimulation of 3D Multilayered Scaffolds for Tendon Tissue Engineering,"Rinoldi, Chiara, Afsoon Fallahi, Iman K. Yazdi, Jessica Campos Paras, Ewa Kijeńska-Gawrońska, Grissel Trujillo-de Santiago, Abuduwaili Tuoheti et al. ""Mechanical and biochemical stimulation of 3D multilayered scaffolds for tendon tissue engineering."" ACS Biomaterials Science & Engineering 5, no. 6 (2019): 2953-2964.",29.0,https://pubs.acs.org/doi/10.1021/acsbiomaterials.8b01647,2019.0,4.0,Warsaw University of Technology,"52.22126033359472, 21.008353918962186",52.22126033,21.00835392,29.0
81,52,Scaled-Up Inertial Microfluidics: Retention System for Microcarrier-Based Suspension Cultures,"Moloudi, Reza, Steve Oh, Chun Yang, Kim Leng Teo, Alan Tin‐Lun Lam, Majid Ebrahimi Warkiani, and May Win Naing. ""Scaled‐up inertial microfluidics: retention system for microcarrier‐based suspension cultures."" Biotechnology journal 14, no. 5 (2019): 1800674.",7.0,https://pubmed.ncbi.nlm.nih.gov/30791214/,2019.0,4.0,"Nanyang Technological University (NTU), Singapore","1.3489963395483509, 103.68098888756482",1.34899634,103.6809889,29.0
82,52,Scaled-Up Inertial Microfluidics: Retention System for Microcarrier-Based Suspension Cultures,"Moloudi, Reza, Steve Oh, Chun Yang, Kim Leng Teo, Alan Tin‐Lun Lam, Majid Ebrahimi Warkiani, and May Win Naing. ""Scaled‐up inertial microfluidics: retention system for microcarrier‐based suspension cultures."" Biotechnology journal 14, no. 5 (2019): 1800674.",7.0,https://pubmed.ncbi.nlm.nih.gov/30791214/,2019.0,4.0,"Sechenov University, Moscow, Russi","55.73058389568553, 37.56857697269297",55.7305839,37.56857697,29.0
142,91,Human primary fibroblasts perform similarly to MSCs in assays used to evaluate MSC safety and potency CAUTION,"Christy, Barbara A., Maryanne C. Herzig, Christopher Delavan, Carolina Cantu, Christi Salgado, James A. Bynum, and Andrew P. Cap. ""Human primary fibroblasts perform similarly to MSCs in assays used to evaluate MSC safety and potency."" Transfusion 59, no. S2 (2019): 1593-1600.",5.0,https://pubmed.ncbi.nlm.nih.gov/30980752/,2019.0,4.0,"UT Health San Antonio, San Antonio, Texas","29.508062693286107, -98.57312054169361",29.50806269,-98.57312054,29.0
90,58,Emergent heterogeneity in putative mesenchymal stem cell colonies: single-cell time lapsed analysis,"Rennerfeldt, Deena A., Joana S. Raminhos, Samantha M. Leff, Pristinavae Manning, and Krystyn J. Van Vliet. ""Emergent heterogeneity in putative mesenchymal stem cell colonies: single-cell time lapsed analysis."" PloS one 14, no. 4 (2019): e0213452.",12.0,https://pubmed.ncbi.nlm.nih.gov/30943212/,2019.0,4.0,"New University of Lisbon, Caparica, Portugal","38.73445592600533, -9.156790192703472",38.73445593,-9.156790193,29.0
116,77,Particle Tracking Analysis of Extracellular Vesicles as a non-destructive surrogate tool for Mesenchymal Stromal Cell health monitoring,"Morley, Gary M., Dorota Bartczak, and Heidi Goenaga-Infanteand Jonathan J. Campbell. ""Particle tracking analysis of extracellular vesicles as a non-destructive surrogate tool for mesenchymal stromal cell health monitoring.""",1.0,https://www.oatext.com/particle-tracking-analysis-of-extracellular-vesicles-as-a-non-destructive-surrogate-tool-for-mesenchymal-stromal-cell-health-monitoring.php#Article,2019.0,4.0,"LGC Limited, Teddington, UK","51.423913615568, -0.3399482755042101",51.42391362,-0.3399482755,29.0
89,58,Emergent heterogeneity in putative mesenchymal stem cell colonies: single-cell time lapsed analysis,"Rennerfeldt, Deena A., Joana S. Raminhos, Samantha M. Leff, Pristinavae Manning, and Krystyn J. Van Vliet. ""Emergent heterogeneity in putative mesenchymal stem cell colonies: single-cell time lapsed analysis."" PloS one 14, no. 4 (2019): e0213452.",12.0,https://pubmed.ncbi.nlm.nih.gov/30943212/,2019.0,4.0,"Massachusetts Institute of Technology, Cambridge, Massachusetts","42.360598044356124, -71.09205718180148",42.36059804,-71.09205718,29.0
138,88,"Asporin Restricts Mesenchymal Stromal Cell Differentiation, Alters the Tumor Microenvironment, and Drives Metastatic Progression","Hughes, Robert M., Brian W. Simons, Hamda Khan, Rebecca Miller, Valentina Kugler, Samantha Torquato, Debebe Theodros et al. ""Asporin restricts mesenchymal stromal cell differentiation, alters the tumor microenvironment, and drives metastatic progression."" Cancer research 79, no. 14 (2019): 3636-3650.",23.0,https://pubmed.ncbi.nlm.nih.gov/31123087/,2019.0,3.0,"David Geffen School of Medicine at UCLA, Los Angeles, California","34.06510026985969, -118.43991006309508",34.06510027,-118.4399101,30.0
137,88,"Asporin Restricts Mesenchymal Stromal Cell Differentiation, Alters the Tumor Microenvironment, and Drives Metastatic Progression","Hughes, Robert M., Brian W. Simons, Hamda Khan, Rebecca Miller, Valentina Kugler, Samantha Torquato, Debebe Theodros et al. ""Asporin restricts mesenchymal stromal cell differentiation, alters the tumor microenvironment, and drives metastatic progression."" Cancer research 79, no. 14 (2019): 3636-3650.",23.0,https://pubmed.ncbi.nlm.nih.gov/31123087/,2019.0,3.0,"Genome Dx Biosciences, Inc., Vancouver, British Columbia, Canada","49.25112223631687, -123.0978406865053",49.25112224,-123.0978407,30.0
136,88,"Asporin Restricts Mesenchymal Stromal Cell Differentiation, Alters the Tumor Microenvironment, and Drives Metastatic Progression","Hughes, Robert M., Brian W. Simons, Hamda Khan, Rebecca Miller, Valentina Kugler, Samantha Torquato, Debebe Theodros et al. ""Asporin restricts mesenchymal stromal cell differentiation, alters the tumor microenvironment, and drives metastatic progression."" Cancer research 79, no. 14 (2019): 3636-3650.",23.0,https://pubmed.ncbi.nlm.nih.gov/31123087/,2019.0,3.0,"Johns Hopkins School of Medicine, Baltimore, Maryland","39.30011243616655, -76.59140582940131",39.30011244,-76.59140583,30.0
80,51,Physico-mechanical Characterization of Liquid versus Solid Applications of Visible Light Cross-Linked Tissue Sealants,"Jalalvandi, Esmat, Patrick Charron, and Rachael Ann Oldinski. ""Physico-mechanical Characterization of Liquid versus Solid Applications of Visible Light Cross-Linked Tissue Sealants."" ACS Applied Bio Materials 2, no. 3 (2019): 1204-1212.",1.0,https://pubs.acs.org/doi/abs/10.1021/acsabm.8b00785,2019.0,3.0,"University of Vermont, Burlington, Vermont","44.478311779010966, -73.19560542558169",44.47831178,-73.19560543,30.0
134,86,Potentiating Renal Regeneration Using Mesenchymal Stem Cells,"Brasile, Lauren, Nicholas Henry, Giuseppe Orlando, and Bart Stubenitsky. ""Potentiating renal regeneration using mesenchymal stem cells."" Transplantation 103, no. 2 (2019): 307.",28.0,https://pubmed.ncbi.nlm.nih.gov/30234788/,2019.0,2.0,"St. Antonius Hospital, Nieuwegein, Netherlands","52.025740588406144, 5.084159638555747",52.02574059,5.084159639,31.0
133,86,Potentiating Renal Regeneration Using Mesenchymal Stem Cells,"Brasile, Lauren, Nicholas Henry, Giuseppe Orlando, and Bart Stubenitsky. ""Potentiating renal regeneration using mesenchymal stem cells."" Transplantation 103, no. 2 (2019): 307.",28.0,https://pubmed.ncbi.nlm.nih.gov/30234788/,2019.0,2.0,"Wake Forest Hospital, Winston-Salem, NC","36.05090082013065, -80.28769941751372",36.05090082,-80.28769942,31.0
132,86,Potentiating Renal Regeneration Using Mesenchymal Stem Cells,"Brasile, Lauren, Nicholas Henry, Giuseppe Orlando, and Bart Stubenitsky. ""Potentiating renal regeneration using mesenchymal stem cells."" Transplantation 103, no. 2 (2019): 307.",28.0,https://pubmed.ncbi.nlm.nih.gov/30234788/,2019.0,2.0,"BREONICS Inc., Watervliet NY","42.716046244257214, -73.70877833081242",42.71604624,-73.70877833,31.0
93,60,A serum-free medium formulation efficiently supports isolation and propagation of canine adipose-derived medenchymal stem/stromal cells,"Devireddy, Laxminarayana R., Michael Myers, Rudell Screven, Zhuoming Liu, and Lynne Boxer. ""A serum-free medium formulation efficiently supports isolation and propagation of canine adipose-derived mesenchymal stem/stromal cells."" PloS one 14, no. 2 (2019): e0210250.",13.0,https://pubmed.ncbi.nlm.nih.gov/30811421/,2019.0,2.0,"Center for Veterinary Medicine, US Food and Drug Administration, Laurel, Maryland","39.05436911003283, -76.86061146075869",39.05436911,-76.86061146,31.0
76,47,Manufacturing of primed mesenchymal stromal cells for therapy,"Yin, James Q., Jun Zhu, and James A. Ankrum. ""Manufacturing of primed mesenchymal stromal cells for therapy."" Nature biomedical engineering 3, no. 2 (2019): 90-104.",100.0,https://pubmed.ncbi.nlm.nih.gov/30944433/,2019.0,2.0,"The University of Iowa, Iowa City, IA, USA","41.663252499279416, -91.55493421859498",41.6632525,-91.55493422,31.0
75,47,Manufacturing of primed mesenchymal stromal cells for therapy,"Yin, James Q., Jun Zhu, and James A. Ankrum. ""Manufacturing of primed mesenchymal stromal cells for therapy."" Nature biomedical engineering 3, no. 2 (2019): 90-104.",100.0,https://pubmed.ncbi.nlm.nih.gov/30944433/,2019.0,2.0,"Beijing Cancer Hospital, Translational Medicine, Beijing, China","39.940560455978684, 116.28762659188209",39.94056046,116.2876266,31.0
72,44,Development of surface functionalization strategies for 3D-printed polysterene constructs,"Lerman, Max J., Shin Muramoto, Navein Arumugasaamy, Michael Van Order, Josephine Lembong, Anushka G. Gerald, Greg Gillen, and John P. Fisher. ""Development of surface functionalization strategies for 3D‐printed polystyrene constructs."" Journal of Biomedical Materials Research Part B: Applied Biomaterials 107, no. 8 (2019): 2566-2578.",3.0,https://onlinelibrary.wiley.com/doi/abs/10.1002/jbm.b.34347,2019.0,2.0," National Institute of Standards and Technology, Gaithersburg, Maryland","39.14022975014191, -77.21783232998214",39.14022975,-77.21783233,31.0
71,44,Development of surface functionalization strategies for 3D-printed polysterene constructs,"Lerman, Max J., Shin Muramoto, Navein Arumugasaamy, Michael Van Order, Josephine Lembong, Anushka G. Gerald, Greg Gillen, and John P. Fisher. ""Development of surface functionalization strategies for 3D‐printed polystyrene constructs."" Journal of Biomedical Materials Research Part B: Applied Biomaterials 107, no. 8 (2019): 2566-2578.",3.0,https://onlinelibrary.wiley.com/doi/abs/10.1002/jbm.b.34347,2019.0,2.0,"University of Maryland, College Park, Maryland","38.987026691840654, -76.94238264070758",38.98702669,-76.94238264,31.0
97,63,GMP-compatible and xeno-free cultivation of mesenchymal progenitors derived from human induced pluripotent stem cells,"McGrath, Madison, Edmund Tam, Martina Sladkova, Athbah AlManaie, Matthew Zimmer, and Giuseppe Maria de Peppo. ""GMP-compatible and xeno-free cultivation of mesenchymal progenitors derived from human-induced pluripotent stem cells."" Stem cell research & therapy 10, no. 1 (2019): 1-13.",16.0,https://pubmed.ncbi.nlm.nih.gov/30635059/,2019.0,1.0,"The New York Stem Cell Foundation Research Institute, New York, NY","40.769839091202336, -73.99156744400003",40.76983909,-73.99156744,32.0
3,3,3D printed biofunctionalized scaffolds for microfracture repair of cartilage defects,"Guo, Ting, Maeesha Noshin, Hannah B. Baker, Evin Taskoy, Sean J. Meredith, Qinggong Tang, Julia P. Ringel et al. ""3D printed biofunctionalized scaffolds for microfracture repair of cartilage defects."" Biomaterials 185 (2018): 219-231.",37.0,https://pubmed.ncbi.nlm.nih.gov/30248646/,2018.0,9.0,"Fischell Department of Bioengineering, University of Maryland, College Park, MD","38.99187409508044, -76.93745958324428",38.9918741,-76.93745958,36.0
4,3,3D printed biofunctionalized scaffolds for microfracture repair of cartilage defects,"Guo, Ting, Maeesha Noshin, Hannah B. Baker, Evin Taskoy, Sean J. Meredith, Qinggong Tang, Julia P. Ringel et al. ""3D printed biofunctionalized scaffolds for microfracture repair of cartilage defects."" Biomaterials 185 (2018): 219-231.",37.0,https://pubmed.ncbi.nlm.nih.gov/30248646/,2018.0,9.0,"National Institute of Standards and Technology, Gaithersburg, MD","39.14034624844112, -77.21839022926984",39.14034625,-77.21839023,36.0
140,90,Rapid Comparative Immunophenotyping of Human Mesenchymal Stromal Cells by a Modified Fluorescent Cell Barcoding Flow Cytometric Assay,"Lekishvili, Tamara, and Jonathan J. Campbell. ""Rapid comparative immunophenotyping of human mesenchymal stromal cells by a modified fluorescent cell barcoding flow cytometric assay."" Cytometry Part A 93, no. 9 (2018): 905-915.",3.0,https://pubmed.ncbi.nlm.nih.gov/28940935/,2018.0,7.0,"LGC, Teddington, Middlesex,  United Kingdom","51.424100935229546, -0.3402486828997522",51.42410094,-0.3402486829,38.0
0,1,Peak MSC—Are We There Yet?,"Olsen, Timothy R., Kelvin S. Ng, Lye T. Lock, Tabassum Ahsan, and Jon A. Rowley. ""Peak MSC—are we there yet?."" Frontiers in medicine 5 (2018): 178.",50.0,https://www.frontiersin.org/articles/10.3389/fmed.2018.00178/full,2018.0,6.0,"Rooster Bio, Fredrick, MD","39.38210713013573, -77.41519021748248",39.38210713,-77.41519022,39.0
154,100,Physical confinement alters cytoskeletal contributions towards human mesenchymal stem cell migration,"Doolin, Mary T., and Kimberly M. Stroka. ""P hysical confinement alters cytoskeletal contributions towards human mesenchymal stem cell migration."" Cytoskeleton 75, no. 3 (2018): 103-117.",15.0,https://pubmed.ncbi.nlm.nih.gov/29316327/,2018.0,3.0,"University of Maryland, College Park, Maryland","38.98735162104913, -76.94397054159174",38.98735162,-76.94397054,42.0
149,95,Silk fibroin/collagen protein hybrid cell-encapsulating hydrogels with tunable gelation and improved physical and biological properties,"Buitrago, Jennifer O., Kapil D. Patel, Ahmed El-Fiqi, Jung-Hwan Lee, Banani Kundu, Hae-Hyoung Lee, and Hae-Won Kim. ""Silk fibroin/collagen protein hybrid cell-encapsulating hydrogels with tunable gelation and improved physical and biological properties."" Acta biomaterialia 69 (2018): 218-233.",58.0,https://www.sciencedirect.com/science/article/abs/pii/S1742706117307924,2018.0,3.0,"National Research Centre, Cairo, Egypt","30.036661758413892, 31.20671762837946",30.03666176,31.20671763,42.0
148,95,Silk fibroin/collagen protein hybrid cell-encapsulating hydrogels with tunable gelation and improved physical and biological properties,"Buitrago, Jennifer O., Kapil D. Patel, Ahmed El-Fiqi, Jung-Hwan Lee, Banani Kundu, Hae-Hyoung Lee, and Hae-Won Kim. ""Silk fibroin/collagen protein hybrid cell-encapsulating hydrogels with tunable gelation and improved physical and biological properties."" Acta biomaterialia 69 (2018): 218-233.",58.0,https://www.sciencedirect.com/science/article/abs/pii/S1742706117307924,2018.0,3.0,"Dankook University, South Korea","37.32228063864897, 127.12696484060373",37.32228064,127.1269648,42.0
128,83,Aggregation of culture expanded human mesenchymal stem cells in microcarrier-based bioreactor,"Yuan, Xuegang, Ang-Chen Tsai, Iain Farrance, Jon A. Rowley, and Teng Ma. ""Aggregation of culture expanded human mesenchymal stem cells in microcarrier-based bioreactor."" Biochemical engineering journal 131 (2018): 39-46.",24.0,https://pubmed.ncbi.nlm.nih.gov/29736144/,2018.0,3.0,Florida State University,"30.44211424930763, -84.29806874332263",30.44211425,-84.29806874,42.0
114,75,Particle aggregates formed during furfuryl methacrylate plasma polymerization affect human mesenchymal stem cell behaviour,"Shirazi, Hanieh Safizadeh, Nicholas Rogers, Andrew Michelmore, and Jason D. Whittle. ""Particle aggregates formed during furfuryl methacrylate plasma polymerization affect human mesenchymal stem cell behaviour."" Colloids and Surfaces B: Biointerfaces 161 (2018): 261-268.",1.0,https://pubmed.ncbi.nlm.nih.gov/29096370/,2018.0,1.0,"University of South Australia, Mawson Lakes, Adelaide","-34.91744020090997, 138.61921633024596",-34.9174402,138.6192163,44.0
131,85,Mesenchymal Stromal Cell Exosomes Ameliorate Experimental Bronchopulmonary Dysplasia and Restore Lung Function through Macrophage Immunomodulation,"Willis, Gareth R., Angeles Fernandez-Gonzalez, Jamie Anastas, Sally H. Vitali, Xianlan Liu, Maria Ericsson, April Kwong, S. Alex Mitsialis, and Stella Kourembanas. ""Mesenchymal stromal cell exosomes ameliorate experimental bronchopulmonary dysplasia and restore lung function through macrophage immunomodulation."" American journal of respiratory and critical care medicine 197, no. 1 (2018): 104-116.",285.0,https://pubmed.ncbi.nlm.nih.gov/28853608/,2018.0,1.0,"Harvard Medical School, Boston, Massachusetts","42.336078995187044, -71.1013891363389",42.336079,-71.10138914,44.0
158,102,Fabrication and evaluation of 3D printed BCP scaffolds reinforced with ZrO2 for bone tissue applications,"Sa, Min‐Woo, Bao‐Ngoc B. Nguyen, Rebecca A. Moriarty, Timur Kamalitdinov, John P. Fisher, and Jong Young Kim. ""Fabrication and evaluation of 3D printed BCP scaffolds reinforced with ZrO2 for bone tissue applications."" Biotechnology and bioengineering 115, no. 4 (2018): 989-999.",39.0,https://pubmed.ncbi.nlm.nih.gov/29240243/,2018.0,1.0,"University of Maryland, College Park, Maryland","38.9872515486372, -76.94328389611618",38.98725155,-76.9432839,44.0
157,102,Fabrication and evaluation of 3D printed BCP scaffolds reinforced with ZrO2 for bone tissue applications,"Sa, Min‐Woo, Bao‐Ngoc B. Nguyen, Rebecca A. Moriarty, Timur Kamalitdinov, John P. Fisher, and Jong Young Kim. ""Fabrication and evaluation of 3D printed BCP scaffolds reinforced with ZrO2 for bone tissue applications."" Biotechnology and bioengineering 115, no. 4 (2018): 989-999.",39.0,https://pubmed.ncbi.nlm.nih.gov/29240243/,2018.0,1.0,"Research Institute, SJ TOOLS, Daegu, Korea","35.883358408423526, 128.73034490924456",35.88335841,128.7303449,44.0
159,102,Fabrication and evaluation of 3D printed BCP scaffolds reinforced with ZrO2 for bone tissue applications,"Sa, Min‐Woo, Bao‐Ngoc B. Nguyen, Rebecca A. Moriarty, Timur Kamalitdinov, John P. Fisher, and Jong Young Kim. ""Fabrication and evaluation of 3D printed BCP scaffolds reinforced with ZrO2 for bone tissue applications."" Biotechnology and bioengineering 115, no. 4 (2018): 989-999.",39.0,https://pubmed.ncbi.nlm.nih.gov/29240243/,2018.0,1.0,"Andong National University, Andong-si, Korea","36.54334523133374, 128.7974342095512",36.54334523,128.7974342,44.0
152,98,Guanylate Binding Protein 1 Inhibits Osteogenic Differentiation of Human Mesenchymal Stromal Cells Derived from Bone Marrow,"Bai, Shi, Zhixiang Mu, Yuanding Huang, and Ping Ji. ""Guanylate binding protein 1 inhibits osteogenic differentiation of human mesenchymal stromal cells derived from bone marrow."" Scientific reports 8, no. 1 (2018): 1-8.",12.0,https://pubmed.ncbi.nlm.nih.gov/29348519/,2018.0,1.0,"Stomatological hospital of Chongqing Medical University, Chongqing, China","29.560578289364614, 106.54845632024663",29.56057829,106.5484563,44.0
105,69,Thy-1 Dependent Uptake of Mesenchymal Stem Cell-derived Extracellular Vesicles Blocks Myofibroblastic Differentiation,"Shentu, Tzu-Pin, Tse-Shun Huang, Mateja Cernelc-Kohan, Joy Chan, Simon S. Wong, Celia R. Espinoza, Chunting Tan et al. ""Thy-1 dependent uptake of mesenchymal stem cell-derived extracellular vesicles blocks myofibroblastic differentiation."" Scientific reports 7, no. 1 (2017): 1-11.",49.0,https://pubmed.ncbi.nlm.nih.gov/29273797/,2017.0,12.0,"University of California-San Diego, La Jolla, California","32.88135343812438, -117.2335912948138",32.88135344,-117.2335913,45.0
112,73,Extracellular Vesicles as Emerging Targets in Cancer: Recent Development From Bench to Bedside,"Wu, Kerui, Fei Xing, Shih-Ying Wu, and Kounosuke Watabe. ""Extracellular vesicles as emerging targets in cancer: Recent development from bench to bedside."" Biochimica et Biophysica Acta (BBA)-Reviews on Cancer 1868, no. 2 (2017): 538-563.",89.0,https://pubmed.ncbi.nlm.nih.gov/29054476/,2017.0,12.0,"Wake Forest University School of Medicine, Winston Salem, NC","36.10086540518672, -80.23891346846821",36.10086541,-80.23891347,45.0
119,80,Chondrocytes and stem cells in 3D-bioprinted structures create human cartilage in vivo,"Apelgren, Peter, Matteo Amoroso, Anders Lindahl, Camilla Brantsing, Nicole Rotter, Paul Gatenholm, and Lars Kölby. ""Chondrocytes and stem cells in 3D-bioprinted structures create human cartilage in vivo."" PLoS One 12, no. 12 (2017): e0189428.",71.0,https://pubmed.ncbi.nlm.nih.gov/29236765/,2017.0,12.0,"Sahlgrenska University Hospital, Sahlgrenska Academy, Göteborg, Sweden","57.686145708675134, 11.975582793895201",57.68614571,11.97558279,45.0
120,80,Chondrocytes and stem cells in 3D-bioprinted structures create human cartilage in vivo,"Apelgren, Peter, Matteo Amoroso, Anders Lindahl, Camilla Brantsing, Nicole Rotter, Paul Gatenholm, and Lars Kölby. ""Chondrocytes and stem cells in 3D-bioprinted structures create human cartilage in vivo."" PLoS One 12, no. 12 (2017): e0189428.",71.0,https://pubmed.ncbi.nlm.nih.gov/29236765/,2017.0,12.0,"University Medical Centre Ulm, Ulm, Germany","48.428436448531045, 9.971446801598733",48.42843645,9.971446802,45.0
121,80,Chondrocytes and stem cells in 3D-bioprinted structures create human cartilage in vivo,"Apelgren, Peter, Matteo Amoroso, Anders Lindahl, Camilla Brantsing, Nicole Rotter, Paul Gatenholm, and Lars Kölby. ""Chondrocytes and stem cells in 3D-bioprinted structures create human cartilage in vivo."" PLoS One 12, no. 12 (2017): e0189428.",71.0,https://pubmed.ncbi.nlm.nih.gov/29236765/,2017.0,12.0,"Chalmers University of Technology, Göteborg, Sweden","57.69035061459002, 11.975878289321795",57.69035061,11.97587829,45.0
130,84,Adaptation of a Simple Microfluidic Platform for High-Dimensional Quantitative Morphological Analysis of Human Mesenchymal Stromal Cells on Polystyrene-Based Substrates,"Lam, Johnny, Ross A. Marklein, Jose A. Jimenez-Torres, David J. Beebe, Steven R. Bauer, and Kyung E. Sung. ""Adaptation of a simple microfluidic platform for high-dimensional quantitative morphological analysis of human mesenchymal stromal cells on polystyrene-based substrates."" SLAS TECHNOLOGY: Translating Life Sciences Innovation 22, no. 6 (2017): 646-661.",8.0,https://pubmed.ncbi.nlm.nih.gov/28825968/,2017.0,12.0,"University of Wisconsin-Madison, Madison, WI","43.07724995277269, -89.4102130200505",43.07724995,-89.41021302,45.0
135,87,A Low-Cost Technique for Intraoperative Imaging of Cell Delivery and Retention in a Model of Delayed Wound Healing,"Burand Jr, Anthony J., Lauren Boland, Alex J. Brown, and James A. Ankrum. ""A Low-Cost Technique for Intraoperative Imaging of Cell Delivery and Retention in a Model of Delayed Wound Healing."" Advances in wound care 6, no. 12 (2017): 413-424.",1.0,https://pubmed.ncbi.nlm.nih.gov/29279805/,2017.0,12.0,"University of Iowa, Iowa City, Iowa","41.66424834336869, -91.55517336017067",41.66424834,-91.55517336,45.0
139,89,Sustained Releasing Sponge-like 3d Scaffolds for Bone Tissue Engineering Applications,"Chamundeswari, Vidya N., Lui Yuan Siang, Yon Jin Chuah, Jing Shi Tan, Dong-An Wang, and Say Chye Joachim Loo. ""Sustained releasing sponge-like 3D scaffolds for bone tissue engineering applications."" Biomedical Materials 13, no. 1 (2017): 015019.",9.0,https://pubmed.ncbi.nlm.nih.gov/28895559/,2017.0,12.0,"Nanyang Technological University, Singapore","1.349082146445041, 103.68287716262252",1.349082146,103.6828772,45.0
129,84,Adaptation of a Simple Microfluidic Platform for High-Dimensional Quantitative Morphological Analysis of Human Mesenchymal Stromal Cells on Polystyrene-Based Substrates,"Lam, Johnny, Ross A. Marklein, Jose A. Jimenez-Torres, David J. Beebe, Steven R. Bauer, and Kyung E. Sung. ""Adaptation of a simple microfluidic platform for high-dimensional quantitative morphological analysis of human mesenchymal stromal cells on polystyrene-based substrates."" SLAS TECHNOLOGY: Translating Life Sciences Innovation 22, no. 6 (2017): 646-661.",8.0,https://pubmed.ncbi.nlm.nih.gov/28825968/,2017.0,12.0,"Food and Drug Administration, Silver Spring, MD","39.035798358803326, -76.98023810734571",39.03579836,-76.98023811,45.0
117,78,Influence of Fibrinogen Concentration on Mesenchymal Stem Cells and Chondrocytes Chondrogenesis in Fibrin Hydrogels,"Yang, Zheng, Vinitha Denslin, Yingnan Wu, Eng Hin Lee, Azlina A. Abbas, Tunku Kamarul, and James HP Hui. ""Influence of fibrinogen concentration on mesenchymal stem cells and chondrocytes chondrogenesis in fibrin hydrogels."" Journal of Biomaterials and Tissue Engineering 7, no. 11 (2017): 1136-1145.",4.0,https://www.ingentaconnect.com/content/asp/jbte/2017/00000007/00000011/art00010;jsessionid=t2p1nwooec8r.x-ic-live-03,2017.0,11.0,National University of Singapore,"1.297457767470151, 103.77879711383922",1.297457767,103.7787971,46.0
145,92,Material Viscoelastic Properties Modulate the Mesenchymal Stem Cell Secretome for Applications in Hematopoietic Recovery,"Liu, Frances D., Novalia Pishesha, Zhiyong Poon, Tanwi Kaushik, and Krystyn J. Van Vliet. ""Material viscoelastic properties modulate the mesenchymal stem cell secretome for applications in hematopoietic recovery."" ACS Biomaterials Science & Engineering 3, no. 12 (2017): 3292-3306.",14.0,https://pubs.acs.org/doi/abs/10.1021/acsbiomaterials.7b00644,2017.0,10.0,"Singapore−MIT Alliance for Research and Technology, CREATE, Singapore","1.2992185495878086, 103.77421997575927",1.29921855,103.77422,47.0
144,92,Material Viscoelastic Properties Modulate the Mesenchymal Stem Cell Secretome for Applications in Hematopoietic Recovery,"Liu, Frances D., Novalia Pishesha, Zhiyong Poon, Tanwi Kaushik, and Krystyn J. Van Vliet. ""Material viscoelastic properties modulate the mesenchymal stem cell secretome for applications in hematopoietic recovery."" ACS Biomaterials Science & Engineering 3, no. 12 (2017): 3292-3306.",14.0,https://pubs.acs.org/doi/abs/10.1021/acsbiomaterials.7b00644,2017.0,10.0,"Massachusetts Institute of Technology, Cambridge, Massachusetts","42.360344356184285, -71.0914563670104",42.36034436,-71.09145637,47.0
151,97,"3D Material Cytometry (3DMaC): a Very High-replicate, High-throughput Analytical Method Using Microfabricated, Shape-specific, Cell-material Niches","Parratt, Kirsten, Jenny Jeong, Peng Qiu, and Krishnendu Roy. ""3D material cytometry (3DMaC): a very high-replicate, high-throughput analytical method using microfabricated, shape-specific, cell-material niches."" Lab on a Chip 17, no. 16 (2017): 2861-2872.",4.0,https://pubmed.ncbi.nlm.nih.gov/28726912/,2017.0,8.0,"Georgia Institute of Technology, Atlanta, GA","33.77622391514814, -84.39761541333719",33.77622392,-84.39761541,49.0
147,94,Tissue Source and Cell Expansion Condition Influence Phenotypic Changes of Adipose-Derived Stem Cells,"Mangum, Lauren H., Shanmugasundaram Natesan, Randolph Stone, Nicole L. Wrice, David A. Larson, Kyle F. Florell, Barbara A. Christy, Maryanne C. Herzig, Andrew P. Cap, and Robert J. Christy. ""Tissue source and cell expansion condition influence phenotypic changes of adipose-derived stem cells."" Stem cells international 2017 (2017).",9.0,https://pubmed.ncbi.nlm.nih.gov/29138638/,2017.0,8.0,"San Antonio Military Medical Center, JBSA Ft Sam Houston, San Antonio, TX","29.460236709816368, -98.41527511787203",29.46023671,-98.41527512,49.0
103,67,Enhancement of mesenchymal stem cell chondrogenesis with short-term low intensity pulsed electromagnetic fields,"Parate, Dinesh, Alfredo Franco-Obregón, Jürg Fröhlich, Christian Beyer, Azlina A. Abbas, Tunku Kamarul, James HP Hui, and Zheng Yang. ""Enhancement of mesenchymal stem cell chondrogenesis with short-term low intensity pulsed electromagnetic fields."" Scientific reports 7, no. 1 (2017): 1-13.",33.0,https://pubmed.ncbi.nlm.nih.gov/28842627/,2017.0,8.0," University of Malaya, Malaysia","3.121847300495089, 101.65577254513013",3.1218473,101.6557725,49.0
102,67,Enhancement of mesenchymal stem cell chondrogenesis with short-term low intensity pulsed electromagnetic fields,"Parate, Dinesh, Alfredo Franco-Obregón, Jürg Fröhlich, Christian Beyer, Azlina A. Abbas, Tunku Kamarul, James HP Hui, and Zheng Yang. ""Enhancement of mesenchymal stem cell chondrogenesis with short-term low intensity pulsed electromagnetic fields."" Scientific reports 7, no. 1 (2017): 1-13.",33.0,https://pubmed.ncbi.nlm.nih.gov/28842627/,2017.0,8.0,"Swiss Federal Institute of Technology (ETH),  Zurich, Switzerland","47.37711509622188, 8.549087090845992",47.3771151,8.549087091,49.0
101,67,Enhancement of mesenchymal stem cell chondrogenesis with short-term low intensity pulsed electromagnetic fields,"Parate, Dinesh, Alfredo Franco-Obregón, Jürg Fröhlich, Christian Beyer, Azlina A. Abbas, Tunku Kamarul, James HP Hui, and Zheng Yang. ""Enhancement of mesenchymal stem cell chondrogenesis with short-term low intensity pulsed electromagnetic fields."" Scientific reports 7, no. 1 (2017): 1-13.",33.0,https://pubmed.ncbi.nlm.nih.gov/28842627/,2017.0,8.0,National University of Singapore,"1.2971145327224607, 103.77922626726141",1.297114533,103.7792263,49.0
100,66,Procoagulant activity of human mesenchymal stem cells,"Christy, Barbara A., Maryanne C. Herzig, Robbie K. Montgomery, Christopher Delavan, James A. Bynum, Kristin M. Reddoch, and Andrew P. Cap. ""Procoagulant activity of human mesenchymal stem cells."" Journal of Trauma and Acute Care Surgery 83, no. 1 (2017): S164-S169.",63.0,https://pubmed.ncbi.nlm.nih.gov/28628602/,2017.0,7.0,"University of Texas Health Science Center at San Antonio, San Antonio, Texas","29.50795064730581, -98.5709747745826",29.50795065,-98.57097477,50.0
126,82,Mesenchymal stem cell infiltration during neoplastic transformation of the human prostate,"Brennen, W. Nathaniel, Baohui Zhang, Ibrahim Kulac, L. Nelleke Kisteman, Lizamma Antony, Hao Wang, Alan K. Meeker et al. ""Mesenchymal stem cell infiltration during neoplastic transformation of the human prostate."" Oncotarget 8, no. 29 (2017): 46710.",16.0,https://pubmed.ncbi.nlm.nih.gov/28493842/,2017.0,7.0,"Sidney Kimmel Comprehensive Cancer Center at Johns Hopkins, Baltimore, MD","39.30330140191949, -76.5797892872777",39.3033014,-76.57978929,50.0
127,82,Mesenchymal stem cell infiltration during neoplastic transformation of the human prostate,"Brennen, W. Nathaniel, Baohui Zhang, Ibrahim Kulac, L. Nelleke Kisteman, Lizamma Antony, Hao Wang, Alan K. Meeker et al. ""Mesenchymal stem cell infiltration during neoplastic transformation of the human prostate."" Oncotarget 8, no. 29 (2017): 46710.",16.0,https://pubmed.ncbi.nlm.nih.gov/28493842/,2017.0,7.0,"David Geffen School of Medicine at UCLA, Los Angeles, CA","34.064886962737134, -118.43991006309508",34.06488696,-118.4399101,50.0
86,55,Controlling Adult Stem Cell Behavior Using Nanodiamond-Reinforced Hydrogel: Implication in Bone Regeneration Therapy,"Pacelli, Settimio, Ryan Maloney, Aparna R. Chakravarti, Jonathan Whitlow, Sayantani Basu, Saman Modaresi, Stevin Gehrke, and Arghya Paul. ""Controlling adult stem cell behavior using nanodiamond-reinforced hydrogel: implication in bone regeneration therapy."" Scientific reports 7, no. 1 (2017): 1-15.",50.0,https://pubmed.ncbi.nlm.nih.gov/28747768/,2017.0,7.0,"University of Kansas, Lawrence, KS","38.955144520373125, -95.25605362736788",38.95514452,-95.25605363,50.0
153,99,Effect of Hydrogel Material Composition on Hbmsc Differentiation Into Zone-specific Neo-cartilage: Engineering Human Articular Cartilage-like Tissue With Spatially Varying Properties,"Parratt, Kirsten, Madeline Smerchansky, Qwantayvious Stiggers, and Krishnendu Roy. ""Effect of hydrogel material composition on hBMSC differentiation into zone-specific neo-cartilage: engineering human articular cartilage-like tissue with spatially varying properties."" Journal of Materials Chemistry B 5, no. 31 (2017): 6237-6248.",8.0,https://pubs.rsc.org/en/content/articlelanding/2017/tb/c7tb00896a,2017.0,7.0,"Georgia Institute of Technology, Atlanta, GA","33.77622391514814, -84.39761541333719",33.77622392,-84.39761541,50.0
155,101,Emerging Business Models Toward Commercialization of Bioprinting Technology,"Balakhovsky, Yakov M., Alexander Yu Ostrovskiy, and Yusef D. Khesuani. ""Emerging business models toward commercialization of bioprinting technology."" 3D Printing and Biofabrication. Springer, Berlin (2017): 1-22.",3.0,https://link.springer.com/referenceworkentry/10.1007%2F978-3-319-40498-1_25-1,2017.0,7.0,"Vivax Bio, LLC New York USA","40.727950944548304, -74.0020449144394",40.72795094,-74.00204491,50.0
156,101,Emerging Business Models Toward Commercialization of Bioprinting Technology,"Balakhovsky, Yakov M., Alexander Yu Ostrovskiy, and Yusef D. Khesuani. ""Emerging business models toward commercialization of bioprinting technology."" 3D Printing and Biofabrication. Springer, Berlin (2017): 1-22.",3.0,https://link.springer.com/referenceworkentry/10.1007%2F978-3-319-40498-1_25-1,2017.0,7.0,Independent Laboratory INVITRO Moscow Russian Federation,"55.77447099420904, 37.6044407756212",55.77447099,37.60444078,50.0
146,93,Tubulogenesis of Co-cultured Human iPS-derived Endothelial Cells and Human Mesenchymal Stem Cells in Fibrin and Gelatin Methacrylate Gels,"Calderon, G. A., P. Thai, C. W. Hsu, B. Grigoryan, S. M. Gibson, M. E. Dickinson, and J. S. Miller. ""Tubulogenesis of co-cultured human iPS-derived endothelial cells and human mesenchymal stem cells in fibrin and gelatin methacrylate gels."" Biomaterials science 5, no. 8 (2017): 1652-1660.",21.0,https://pubmed.ncbi.nlm.nih.gov/28661522/,2017.0,7.0,Rice University,"29.71828831596593, -95.4014450013275",29.71828832,-95.401445,50.0
150,96,"Cells as Advanced Therapeutics: State-of-the-art, Challenges, and Opportunities in Large Scale Biomanufacturing of High-quality Cells for Adoptive Immunotherapies","Dwarshuis, Nate J., Kirsten Parratt, Adriana Santiago-Miranda, and Krishnendu Roy. ""Cells as advanced therapeutics: State-of-the-art, challenges, and opportunities in large scale biomanufacturing of high-quality cells for adoptive immunotherapies."" Advanced drug delivery reviews 114 (2017): 222-239.",42.0,https://pubmed.ncbi.nlm.nih.gov/28625827/,2017.0,5.0,"Georgia Institute of Technology, Atlanta, GA","33.77622391514814, -84.39761541333719",33.77622392,-84.39761541,52.0
88,57,Hypoxic Expansion of Human Mesenchymal Stem Cells Enhances Three-Dimensional Maturation of Tissue-Engineered Intervertebral Discs,"Hudson, Katherine D., and Lawrence J. Bonassar. ""Hypoxic expansion of human mesenchymal stem cells enhances three-dimensional maturation of tissue-engineered intervertebral discs."" Tissue Engineering Part A 23, no. 7-8 (2017): 293-300.",21.0,https://pubmed.ncbi.nlm.nih.gov/27903131/,2017.0,4.0,"Cornell University , Ithaca, New York","42.45373384274314, -76.47170028914752",42.45373384,-76.47170029,53.0
98,64,3D Printed Vascular Networks Enhance Viability in High-Volume Perfusion Bioreactor,"Ball, Owen, Bao-Ngoc B. Nguyen, Jesse K. Placone, and John P. Fisher. ""3D printed vascular networks enhance viability in high-volume perfusion bioreactor."" Annals of biomedical engineering 44, no. 12 (2016): 3435-3445.",26.0,https://pubmed.ncbi.nlm.nih.gov/27272210/,2016.0,12.0,"University of Maryland, College Park, MD","38.98758512279344, -76.9438847109073",38.98758512,-76.94388471,57.0
77,48,"In Vitro Cytokine Licensing Induces Persistent Permissive Chromatin at the Indoleamine 2,3-dioxygenase Promoter","Gonzalez, Yazmin I. Rovira, Patrick J. Lynch, Elaine E. Thompson, Brian G. Stultz, and Deborah A. Hursh. ""In vitro cytokine licensing induces persistent permissive chromatin at the Indoleamine 2, 3-dioxygenase promoter."" Cytotherapy 18, no. 9 (2016): 1114-1128.",23.0,https://pubmed.ncbi.nlm.nih.gov/27421739/,2016.0,7.0," US Food and Drug Administration, Silver Spring, Maryland, USA","39.03616503850735, -76.98049559939903",39.03616504,-76.9804956,62.0
67,43,A Prodrug-doped Cellular Trojan Horse for the Potential Treatment of Prostate Cancer,"Levy, Oren, W. Nathaniel Brennen, Edward Han, David Marc Rosen, Juliet Musabeyezu, Helia Safaee, Sudhir Ranganath et al. ""A prodrug-doped cellular Trojan Horse for the potential treatment of prostate cancer."" Biomaterials 91 (2016): 140-150.",55.0,https://www.sciencedirect.com/science/article/abs/pii/S0142961216300448,2016.0,6.0,"Center for Regenerative Therapeutics, Brigham and Women's Hospital,","42.33636357260229, -71.10723459707721",42.33636357,-71.1072346,63.0
68,43,A Prodrug-doped Cellular Trojan Horse for the Potential Treatment of Prostate Cancer,"Levy, Oren, W. Nathaniel Brennen, Edward Han, David Marc Rosen, Juliet Musabeyezu, Helia Safaee, Sudhir Ranganath et al. ""A prodrug-doped cellular Trojan Horse for the potential treatment of prostate cancer."" Biomaterials 91 (2016): 140-150.",55.0,https://www.sciencedirect.com/science/article/abs/pii/S0142961216300448,2016.0,6.0,"Harvard Medical School, United States","42.335817589356644, -71.103953296818",42.33581759,-71.1039533,63.0
69,43,A Prodrug-doped Cellular Trojan Horse for the Potential Treatment of Prostate Cancer,"Levy, Oren, W. Nathaniel Brennen, Edward Han, David Marc Rosen, Juliet Musabeyezu, Helia Safaee, Sudhir Ranganath et al. ""A prodrug-doped cellular Trojan Horse for the potential treatment of prostate cancer."" Biomaterials 91 (2016): 140-150.",55.0,https://www.sciencedirect.com/science/article/abs/pii/S0142961216300448,2016.0,6.0,"The Sidney Kimmel Comprehensive Cancer Center at Johns Hopkins, United States","39.318299905938495, -76.66145636195098",39.31829991,-76.66145636,63.0
73,45, Identification of Predictive Gene Markers for Multipotent Stromal Cell Proliferation,"Bellayr, Ian H., Ross A. Marklein, Jessica L. Lo Surdo, Steven R. Bauer, and Raj K. Puri. ""Identification of predictive gene markers for multipotent stromal cell proliferation."" Stem cells and development 25, no. 11 (2016): 861-873.",15.0,https://pubmed.ncbi.nlm.nih.gov/27036644/,2016.0,6.0,"US Food and Drug Administration, Silver Spring, Maryland","39.03616503850735, -76.98049559939903",39.03616504,-76.9804956,63.0
78,49,Further Observations on the Behavioral and Neural Effects of Bone Marrow Stromal Cells in Rodent Pain Models,"Guo, Wei, Yu-Xia Chu, Satoshi Imai, Jia-Le Yang, Shiping Zou, Zaid Mohammad, Feng Wei, Ronald Dubner, and Ke Ren. ""Further observations on the behavioral and neural effects of bone marrow stromal cells in rodent pain models."" Molecular pain 12 (2016): 1744806916658043.",14.0,https://pubmed.ncbi.nlm.nih.gov/27329776/,2016.0,6.0,University of Maryland School of Denstistry,"39.289935519141046, -76.6222742691396",39.28993552,-76.62227427,63.0
70,43,A Prodrug-doped Cellular Trojan Horse for the Potential Treatment of Prostate Cancer,"Levy, Oren, W. Nathaniel Brennen, Edward Han, David Marc Rosen, Juliet Musabeyezu, Helia Safaee, Sudhir Ranganath et al. ""A prodrug-doped cellular Trojan Horse for the potential treatment of prostate cancer."" Biomaterials 91 (2016): 140-150.",55.0,https://www.sciencedirect.com/science/article/abs/pii/S0142961216300448,2016.0,6.0,The Samuel Oschin Comprehensive Cancer Institute at the Cedars-Sinai Medical Center,"34.07558055388596, -118.37956238861813",34.07558055,-118.3795624,63.0
83,53,Three-dimensional Bioprinting of Thick Vascularized Tissues,"Kolesky, David B., Kimberly A. Homan, Mark A. Skylar-Scott, and Jennifer A. Lewis. ""Three-dimensional bioprinting of thick vascularized tissues."" Proceedings of the national academy of sciences 113, no. 12 (2016): 3179-3184.",944.0,https://pubmed.ncbi.nlm.nih.gov/26951646/,2016.0,3.0,"Wyss Institute for Biologically Inspired Engineering, Harvard University, Cambridge","42.339694322146094, -71.10301258865704",42.33969432,-71.10301259,66.0
96,62,Collagen Type Ii Enhances Chondrogenic Differentiation in Agarose-based Modular Microtissues,"Annamalai, Ramkumar Tiruvannamalai, David R. Mertz, Ethan LH Daley, and Jan P. Stegemann. ""Collagen Type II enhances chondrogenic differentiation in agarose-based modular microtissues."" Cytotherapy 18, no. 2 (2016): 263-277.",35.0,https://pubmed.ncbi.nlm.nih.gov/26794716/,2016.0,2.0,"University of Michigan, Ann Arbor, Michigan","42.27845604937487, -83.73680792732043",42.27845605,-83.73680793,67.0
95,61,Ultrahigh-throughput Generation and Characterization of Cellular Aggregates in Laser-ablated Microwells of Poly(dimethylsiloxane),"Albritton, Jacob L., Jonathon D. Roybal, Samantha J. Paulsen, Nicholas J. Calafat, Jose A. Flores-Zaher, Mary C. Farach-Carson, Don L. Gibbons, and Jordan S. Miller. ""Ultrahigh-throughput generation and characterization of cellular aggregates in laser-ablated microwells of poly (dimethylsiloxane)."" RSC advances 6, no. 11 (2016): 8980-8991.",12.0,https://pubmed.ncbi.nlm.nih.gov/26998251/,2016.0,1.0,"The University of Texas M.D. Anderson Cancer Center, Houston, Texas","29.70763436074634, -95.39445107285172",29.70763436,-95.39445107,68.0
94,61,Ultrahigh-throughput Generation and Characterization of Cellular Aggregates in Laser-ablated Microwells of Poly(dimethylsiloxane),"Albritton, Jacob L., Jonathon D. Roybal, Samantha J. Paulsen, Nicholas J. Calafat, Jose A. Flores-Zaher, Mary C. Farach-Carson, Don L. Gibbons, and Jordan S. Miller. ""Ultrahigh-throughput generation and characterization of cellular aggregates in laser-ablated microwells of poly (dimethylsiloxane)."" RSC advances 6, no. 11 (2016): 8980-8991.",12.0,https://pubmed.ncbi.nlm.nih.gov/26998251/,2016.0,1.0,"Rice University, Houston, Texas, USA","29.718027419810287, -95.40178832406527",29.71802742,-95.40178832,68.0
74,46,Rapid Selection of Mesenchymal Stem and Progenitor Cells in Primary Prostate Stromal Cultures,"Brennen, W. Nathaniel, L. Nelleke Kisteman, and John T. Isaacs. ""Rapid selection of mesenchymal stem and progenitor cells in primary prostate stromal cultures."" The Prostate 76, no. 6 (2016): 552-564.",17.0,https://pubmed.ncbi.nlm.nih.gov/26732992/,2016.0,1.0,"Johns Hopkins University School of Medicine, Baltimore, Maryland","39.29991317849294, -76.59166332145463",39.29991318,-76.59166332,68.0
13,10,Self-Healing and Thermoresponsive Dual-Cross-Linked Alginate Hydrogels Based on Supramolecular Inclusion Complexes,"Miao, Tianxin, Spencer L. Fenn, Patrick N. Charron, and Rachael A. Oldinski. ""Self-healing and thermoresponsive dual-cross-linked alginate hydrogels based on supramolecular inclusion complexes."" Biomacromolecules 16, no. 12 (2015): 3740-3750.",79.0,https://pubmed.ncbi.nlm.nih.gov/26509214/,2015.0,10.0,"University of Vermont, Burlington, Vermont","44.47801353909452, -73.19652807512038",44.47801354,-73.19652808,71.0
10,8,Serum-free media formulations are cell line-specific and require optimization for microcarrier culture,"Tan, Kah Yong, Kim Leng Teo, Jessica FY Lim, Allen KL Chen, Shaul Reuveny, and Steve KW Oh. ""Serum-free media formulations are cell line–specific and require optimization for microcarrier culture."" Cytotherapy 17, no. 8 (2015): 1152-1165.",47.0,https://pubmed.ncbi.nlm.nih.gov/26139547/,2015.0,8.0,"Agency for Science, Technology and Research (A*STAR), Centros, Singapore","1.2991091740040848, 103.78750072295536",1.299109174,103.7875007,73.0
