Sapienza University of Rome,titlePaper,citationChicago,citations,link,publishedYear,publishedMonth,locationStudy,"gpsLat, gpsLong",gpsLat,gpsLong
1,Peak MSC—Are We There Yet?,"Olsen, Timothy R., Kelvin S. Ng, Lye T. Lock, Tabassum Ahsan, and Jon A. Rowley. ""Peak MSC—are we there yet?."" Frontiers in medicine 5 (2018): 178.",50,https://www.frontiersin.org/articles/10.3389/fmed.2018.00178/full,2018,6,"Rooster Bio, Fredrick, MD","39.38210713013573, -77.41519021748248",39.38210713,-77.41519022
2,Three-Dimensional Printed Polylactic Acid Scaffolds Promote Bone-like Matrix Deposition in Vitro,"Fairag, Rayan, Derek H. Rosenzweig, Jose L. Ramirez-Garcialuna, Michael H. Weber, and Lisbet Haglund. ""Three-dimensional printed polylactic acid scaffolds promote bone-like matrix deposition in vitro."" ACS applied materials & interfaces 11, no. 17 (2019): 15306-15315.",39,https://pubmed.ncbi.nlm.nih.gov/30973708/,2019,5,"King Abdulaziz University, Saudi Arabia","21.49327746843772, 39.23960863720854",21.49327747,39.23960864
2,Three-Dimensional Printed Polylactic Acid Scaffolds Promote Bone-like Matrix Deposition in Vitro,"Fairag, Rayan, Derek H. Rosenzweig, Jose L. Ramirez-Garcialuna, Michael H. Weber, and Lisbet Haglund. ""Three-dimensional printed polylactic acid scaffolds promote bone-like matrix deposition in vitro."" ACS applied materials & interfaces 11, no. 17 (2019): 15306-15315.",39,https://pubmed.ncbi.nlm.nih.gov/30973708/,2019,5,"Shriners Hospital for Children, Montreal, Canada","45.47175760596899, -73.60107898117334",45.47175761,-73.60107898
3,3D printed biofunctionalized scaffolds for microfracture repair of cartilage defects,"Guo, Ting, Maeesha Noshin, Hannah B. Baker, Evin Taskoy, Sean J. Meredith, Qinggong Tang, Julia P. Ringel et al. ""3D printed biofunctionalized scaffolds for microfracture repair of cartilage defects."" Biomaterials 185 (2018): 219-231.",37,https://pubmed.ncbi.nlm.nih.gov/30248646/,2018,9,"Fischell Department of Bioengineering, University of Maryland, College Park, MD","38.99187409508044, -76.93745958324428",38.9918741,-76.93745958
3,3D printed biofunctionalized scaffolds for microfracture repair of cartilage defects,"Guo, Ting, Maeesha Noshin, Hannah B. Baker, Evin Taskoy, Sean J. Meredith, Qinggong Tang, Julia P. Ringel et al. ""3D printed biofunctionalized scaffolds for microfracture repair of cartilage defects."" Biomaterials 185 (2018): 219-231.",37,https://pubmed.ncbi.nlm.nih.gov/30248646/,2018,9,"National Institute of Standards and Technology, Gaithersburg, MD","39.14034624844112, -77.21839022926984",39.14034625,-77.21839023
4,Stem cell-inspired secretome-rich injectable hydrogel to repair injured cardiac tissue,,82,https://www.ncbi.nlm.nih.gov/pmc/articles/PMC5831493/,2017,12,"University of Kansas, Lawrence, KS","38.95441062542247, -95.25538840652833",38.95441063,-95.25538841
4,Stem cell-inspired secretome-rich injectable hydrogel to repair injured cardiac tissue,,82,https://www.ncbi.nlm.nih.gov/pmc/articles/PMC5831493/,2017,12,"University of Cincinnati, Cincinnati, OH","39.133030067758874, -84.51478946974734",39.13303007,-84.51478947
5,Mesenchymal stromal cell-derived exosomes improve mitochondrial health in pulmonary arterial hypertension,,27,https://pubmed.ncbi.nlm.nih.gov/30652491/,2019,5,"United Therapeutics Corporation , Durham, North Carolina","35.91464320729626, -78.87675468889176",35.91464321,-78.87675469
6,Enhanced proliferation and differentiation of mesenchymal stem cells by astaxanthin-encapsulated polymeric micelles,"Zhang, Jun, and Ching-An Peng. ""Enhanced proliferation and differentiation of mesenchymal stem cells by astaxanthin-encapsulated polymeric micelles."" PloS one 14, no. 5 (2019): e0216755.",8,https://pubmed.ncbi.nlm.nih.gov/31107886/,2019,5,"University of Idaho, Moscow, ID","46.72890062822295, -117.01222216393322",46.72890063,-117.0122222
7,Conditioning of myoblast secretome using mesenchymal stem/stromal cell spheroids improves bone repair,"Saiz Jr, Augustine M., Marissa A. Gionet-Gonzales, Mark A. Lee, and J. Kent Leach. ""Conditioning of myoblast secretome using mesenchymal stem/stromal cell spheroids improves bone repair."" Bone 125 (2019): 151-159.",3,https://pubmed.ncbi.nlm.nih.gov/31102712/,2019,8,"University of California at Davis, Davis, CA","38.54120035035515, -121.76194092695917",38.54120035,-121.7619409
8,Serum-free media formulations are cell line-specific and require optimization for microcarrier culture,"Tan, Kah Yong, Kim Leng Teo, Jessica FY Lim, Allen KL Chen, Shaul Reuveny, and Steve KW Oh. ""Serum-free media formulations are cell line–specific and require optimization for microcarrier culture."" Cytotherapy 17, no. 8 (2015): 1152-1165.",47,https://pubmed.ncbi.nlm.nih.gov/26139547/,2015,8,"Agency for Science, Technology and Research (A*STAR), Centros, Singapore","1.2991091740040848, 103.78750072295536",1.299109174,103.7875007
9,Heparin/Collagen Coatings Improve Human Mesenchymal Stromal Cell Response to Interferon Gamma,"Castilla-Casadiego, David A., José R. García, Andrés J. García, and Jorge Almodovar. ""Heparin/collagen coatings improve human mesenchymal stromal cell response to interferon gamma."" ACS Biomaterials Science & Engineering 5, no. 6 (2019): 2793-2803.",8,https://pubs.acs.org/doi/full/10.1021/acsbiomaterials.9b00008,2019,5,"University of Puerto Rico Mayaguez, Puerto Rico","18.21113408232875, -67.14100979114825",18.21113408,-67.14100979
9,Heparin/Collagen Coatings Improve Human Mesenchymal Stromal Cell Response to Interferon Gamma,"Castilla-Casadiego, David A., José R. García, Andrés J. García, and Jorge Almodovar. ""Heparin/collagen coatings improve human mesenchymal stromal cell response to interferon gamma."" ACS Biomaterials Science & Engineering 5, no. 6 (2019): 2793-2803.",8,https://pubs.acs.org/doi/full/10.1021/acsbiomaterials.9b00008,2019,5,"Georgia Institute of Technology, Atlanta, Georgia","33.775194211179226, -84.3966356694407",33.77519421,-84.39663567
10,Self-Healing and Thermoresponsive Dual-Cross-Linked Alginate Hydrogels Based on Supramolecular Inclusion Complexes,"Miao, Tianxin, Spencer L. Fenn, Patrick N. Charron, and Rachael A. Oldinski. ""Self-healing and thermoresponsive dual-cross-linked alginate hydrogels based on supramolecular inclusion complexes."" Biomacromolecules 16, no. 12 (2015): 3740-3750.",79,https://pubmed.ncbi.nlm.nih.gov/26509214/,2015,10,"University of Vermont, Burlington, Vermont","44.47801353909452, -73.19652807512038",44.47801354,-73.19652808
11,Nuclear Deformation in Response to Mechanical Confinement is Cell Type Dependent,"Doolin, Mary T., Thea S. Ornstein, and Kimberly M. Stroka. ""Nuclear deformation in response to mechanical confinement is cell type dependent."" Cells 8, no. 5 (2019): 427.",6,https://pubmed.ncbi.nlm.nih.gov/31072066/,2019,5,"University of Maryland, College Park, MD","38.987093406909196, -76.94257575996157",38.98709341,-76.94257576
12,Mechanical and Biochemical Stimulation of 3D Multilayered Scaffolds for Tendon Tissue Engineering,"Rinoldi, Chiara, Afsoon Fallahi, Iman K. Yazdi, Jessica Campos Paras, Ewa Kijeńska-Gawrońska, Grissel Trujillo-de Santiago, Abuduwaili Tuoheti et al. ""Mechanical and biochemical stimulation of 3D multilayered scaffolds for tendon tissue engineering."" ACS Biomaterials Science & Engineering 5, no. 6 (2019): 2953-2964.",29,https://pubs.acs.org/doi/10.1021/acsbiomaterials.8b01647,2019,4,Warsaw University of Technology,"52.22126033359472, 21.008353918962186",52.22126033,21.00835392
13,Expansion & Characterization of Bone Marrow Derived Human Mesenchymal Stromal Cells in Serum-Free Conditions,"Bhat, Samatha, Pachaiyappan Viswanathan, Shashank Chandanala, S. Jyothi Prasanna, and Raviraja N. Seetharam. ""Expansion and characterization of bone marrow derived human mesenchymal stromal cells in serum-free conditions."" Scientific Reports 11, no. 1 (2021): 1-18.",2,https://manipal.pure.elsevier.com/en/publications/expansion-and-characterization-of-bone-marrow-derived-human-mesen,2021,9,"Manipal College of Pharmaceutical Sciences, Manipal","13.357820737528458, 74.78562056443192",13.35782074,74.78562056
14,Xeno-Free Bioreactor Culture of Human Mesenchymal Stromal Cells on Chemically Defined Microcarriers,"Krutty, John D., Kevin Koesser, Stephen Schwartz, Junsu Yun, William L. Murphy, and Padma Gopalan. ""Xeno-Free Bioreactor Culture of Human Mesenchymal Stromal Cells on Chemically Defined Microcarriers."" ACS Biomaterials Science & Engineering 7, no. 2 (2021): 617-625.",1,https://pubs.acs.org/doi/abs/10.1021/acsbiomaterials.0c00663,2021,7,"Univeristy of Wisconsin, Madison","43.07703052474181, -89.41171505592702",43.07703052,-89.41171506
15,Stromal Cell Identity Modulates Vascular Morphogenesis in a Microvasculature-On-A-Chip Platform,"Margolis, Emily A., David S. Cleveland, Yen P. Kong, Jeffrey A. Beamish, William Y. Wang, Brendon M. Baker, and Andrew J. Putnam. ""Stromal cell identity modulates vascular morphogenesis in a microvasculature-on-a-chip platform."" Lab on a Chip 21, no. 6 (2021): 1150-1163.",2,https://pubs.rsc.org/en/content/articlelanding/2021/lc/d0lc01092h/unauth,2021,6,"University of Michigan, An Arbor, MI","42.27851955410376, -83.73732291031118",42.27851955,-83.73732291
16,Pulsed Electromagnetic Fields Potentiate the Paracrine Function of Mesenchymal Stem Cells for Cartilage Regeneration,"Parate, Dinesh, Nurul Dinah Kadir, Cenk Celik, Eng Hin Lee, James HP Hui, Alfredo Franco-Obregón, and Zheng Yang. ""Pulsed electromagnetic fields potentiate the paracrine function of mesenchymal stem cells for cartilage regeneration."" Stem cell research & therapy 11, no. 1 (2020): 1-16.",16,https://pubmed.ncbi.nlm.nih.gov/32014064/,2020,2,"National University of Singapore, Singapore","1.2968356686462166, 103.77661920255218",1.296835669,103.7766192
17,Electrospun Fibers Enhanced the Paracrine Signaling of Mesenchymal Stem Cells for Cartilage Regeneration,"Kadir, Nurul Dinah, Zheng Yang, Afizah Hassan, Vinitha Denslin, and Eng Hin Lee. ""Electrospun fibers enhanced the paracrine signaling of mesenchymal stem cells for cartilage regeneration."" Stem cell research & therapy 12, no. 1 (2021): 1-17.",1,https://stemcellres.biomedcentral.com/articles/10.1186/s13287-021-02137-8,2021,2,"Yong Loo Lin School of Medicine, National University of Singapore","1.2965707677485174, 103.78198171109419",1.296570768,103.7819817
18,Design and Development of a New ambr250® Bioreactor Vessel for Improved Cell & Gene Therapy Applications,"Rotondi, Marco, Ned Grace, John Betts, Neil Bargh, Elena Costariol, Barney Zoro, Christopher J. Hewitt, Alvin W. Nienow, and Qasim A. Rafiq. ""Design and development of a new ambr250® bioreactor vessel for improved cell and gene therapy applications."" Biotechnology Letters 43, no. 5 (2021): 1103-1116.",2,https://link.springer.com/article/10.1007/s10529-021-03076-3,2021,2,University College London,"51.52466598373541, -0.13411520378346786",51.52466598,-0.1341152038
19,Fabrication of Centimeter-Sized 3D Constructs with Patterned Endothelial Cells through Assembly of Cell-Laden Microbeads As a Potential Bone Graft,,2,https://www.sciencedirect.com/science/article/abs/pii/S1742706120306942,2021,2,"University of Maryland, College Park, MD","38.98707672832324, -76.94236118333775",38.98707673,-76.94236118
20,Mesenchymal Stromal Cell Delivery via an Ex Vivo Bioreactor Preclinical Test System Attenuates Clot Formation for Intravascular Application,"O'Rourke, Brian, Sunny Nguyen, Arno W. Tilles, James A. Bynum, Andrew P. Cap, Biju Parekkadan, and Rita N. Barcia. ""Mesenchymal stromal cell delivery via an ex vivo bioreactor preclinical test system attenuates clot formation for intravascular application."" Stem cells translational medicine (2021).",1,https://stemcellsjournals.onlinelibrary.wiley.com/doi/full/10.1002/sctm.20-0454,2021,2,"Sentien Biotechnologies, Inc, Lexington, Massachusetts,","42.425833447655634, -71.24626986604491",42.42583345,-71.24626987
20,Mesenchymal Stromal Cell Delivery via an Ex Vivo Bioreactor Preclinical Test System Attenuates Clot Formation for Intravascular Application,"O'Rourke, Brian, Sunny Nguyen, Arno W. Tilles, James A. Bynum, Andrew P. Cap, Biju Parekkadan, and Rita N. Barcia. ""Mesenchymal stromal cell delivery via an ex vivo bioreactor preclinical test system attenuates clot formation for intravascular application."" Stem cells translational medicine (2021).",1,https://stemcellsjournals.onlinelibrary.wiley.com/doi/full/10.1002/sctm.20-0454,2021,2,"US Army Institute of Surgical Research, Fort Sam Houston, Texas","29.456272245937985, -98.44470962841163",29.45627225,-98.44470963
21,Vascularized adipocyte organoid model using isolated human microvessel fragments,"Strobel, Hannah A., Thomas Gerton, and James B. Hoying. ""Vascularized adipocyte organoid model using isolated human microvessel fragments."" Biofabrication 13, no. 3 (2021): 035022.",1,https://iopscience.iop.org/article/10.1088/1758-5090/abe187/meta,2021,4,"Advanced Solutions Life Sciences, Manchester, NH","42.993283612808774, -71.46725758505589",42.99328361,-71.46725759
22,Hippo Deficiency Leads to Cardiac Dysfunction Accompanied by Cardiomyocyte De-Differentiation During Pressure Overload,"Ikeda, Shohei, Wataru Mizushima, Sebastiano Sciarretta, Maha Abdellatif, Peiyong Zhai, Risa Mukai, Nadezhda Fefelova et al. ""Hippo deficiency leads to cardiac dysfunction accompanied by cardiomyocyte dedifferentiation during pressure overload."" Circulation research 124, no. 2 (2019): 292-305.",34,https://www.ncbi.nlm.nih.gov/pmc/articles/PMC6645688/,2020,1,"Rutgers New Jersey Medical School, Newark, New Jersey","40.740177927391294, -74.18932340842893",40.74017793,-74.18932341
22,Hippo Deficiency Leads to Cardiac Dysfunction Accompanied by Cardiomyocyte De-Differentiation During Pressure Overload,"Ikeda, Shohei, Wataru Mizushima, Sebastiano Sciarretta, Maha Abdellatif, Peiyong Zhai, Risa Mukai, Nadezhda Fefelova et al. ""Hippo deficiency leads to cardiac dysfunction accompanied by cardiomyocyte dedifferentiation during pressure overload."" Circulation research 124, no. 2 (2019): 292-305.",34,https://www.ncbi.nlm.nih.gov/pmc/articles/PMC6645688/,2020,1,"Sapienza University of Rome, Latina, Italy","41.47080578701827, 12.903855056643437",41.47080579,12.90385506
22,Hippo Deficiency Leads to Cardiac Dysfunction Accompanied by Cardiomyocyte De-Differentiation During Pressure Overload,"Ikeda, Shohei, Wataru Mizushima, Sebastiano Sciarretta, Maha Abdellatif, Peiyong Zhai, Risa Mukai, Nadezhda Fefelova et al. ""Hippo deficiency leads to cardiac dysfunction accompanied by cardiomyocyte dedifferentiation during pressure overload."" Circulation research 124, no. 2 (2019): 292-305.",34,https://www.ncbi.nlm.nih.gov/pmc/articles/PMC6645688/,2020,1,"RoosterBio Inc. Frederick, Maryland, USA","39.3822088400481, -77.41503382750058",39.38220884,-77.41503383
22,Hippo Deficiency Leads to Cardiac Dysfunction Accompanied by Cardiomyocyte De-Differentiation During Pressure Overload,"Ikeda, Shohei, Wataru Mizushima, Sebastiano Sciarretta, Maha Abdellatif, Peiyong Zhai, Risa Mukai, Nadezhda Fefelova et al. ""Hippo deficiency leads to cardiac dysfunction accompanied by cardiomyocyte dedifferentiation during pressure overload."" Circulation research 124, no. 2 (2019): 292-305.",34,https://www.ncbi.nlm.nih.gov/pmc/articles/PMC6645688/,2020,1,"University of Cincinnati, Cincinnati, Ohio, USA","39.13305503447223, -84.5146392661486",39.13305503,-84.51463927
22,Hippo Deficiency Leads to Cardiac Dysfunction Accompanied by Cardiomyocyte De-Differentiation During Pressure Overload,"Ikeda, Shohei, Wataru Mizushima, Sebastiano Sciarretta, Maha Abdellatif, Peiyong Zhai, Risa Mukai, Nadezhda Fefelova et al. ""Hippo deficiency leads to cardiac dysfunction accompanied by cardiomyocyte dedifferentiation during pressure overload."" Circulation research 124, no. 2 (2019): 292-305.",34,https://www.ncbi.nlm.nih.gov/pmc/articles/PMC6645688/,2020,1," National Yang-Ming University School of Medicine, Taiwan","25.017496040036203, 121.5401058488305",25.01749604,121.5401058
22,Hippo Deficiency Leads to Cardiac Dysfunction Accompanied by Cardiomyocyte De-Differentiation During Pressure Overload,"Ikeda, Shohei, Wataru Mizushima, Sebastiano Sciarretta, Maha Abdellatif, Peiyong Zhai, Risa Mukai, Nadezhda Fefelova et al. ""Hippo deficiency leads to cardiac dysfunction accompanied by cardiomyocyte dedifferentiation during pressure overload."" Circulation research 124, no. 2 (2019): 292-305.",34,https://www.ncbi.nlm.nih.gov/pmc/articles/PMC6645688/,2020,1,"Tohoku University Graduate School of Medicine, Sendai, Japan","38.254019331561274, 140.87433148964993",38.25401933,140.8743315
22,Hippo Deficiency Leads to Cardiac Dysfunction Accompanied by Cardiomyocyte De-Differentiation During Pressure Overload,"Ikeda, Shohei, Wataru Mizushima, Sebastiano Sciarretta, Maha Abdellatif, Peiyong Zhai, Risa Mukai, Nadezhda Fefelova et al. ""Hippo deficiency leads to cardiac dysfunction accompanied by cardiomyocyte dedifferentiation during pressure overload."" Circulation research 124, no. 2 (2019): 292-305.",34,https://www.ncbi.nlm.nih.gov/pmc/articles/PMC6645688/,2020,1,"Korea Advanced Institute of Science and Technology, Daejeon, Republic of Korea.","36.37231545330298, 127.36035781105066",36.37231545,127.3603578
23,Mesenchymal Stromal Cells: Getting Ready for Clinical Primetime,"Wobma, Holly, and Prakash Satwani. ""Mesenchymal stromal cells: Getting ready for clinical primetime."" Transfusion and Apheresis Science (2021): 103058.",1,https://www.sciencedirect.com/science/article/pii/S1473050221000082,2021,1,"Boston Children’s Hospital, Boston, MA","42.33808945497958, -71.10462998132401",42.33808945,-71.10462998
23,Mesenchymal Stromal Cells: Getting Ready for Clinical Primetime,"Wobma, Holly, and Prakash Satwani. ""Mesenchymal stromal cells: Getting ready for clinical primetime."" Transfusion and Apheresis Science (2021): 103058.",1,https://www.sciencedirect.com/science/article/pii/S1473050221000082,2021,1,"Columbia University Medical Center, New York, NY","40.839424295217015, -73.94029285995973",40.8394243,-73.94029286
24,Modeling & Controller Design for Enhanced Hollow-Fiber Bioreactor Performance,"Kanwar, Bharat, Stephen Balakirsky, and Anirban Mazumdar. ""Modeling and Controller Design for Enhanced Hollow-fiber Bioreactor Performance."" IEEE Control Systems Letters (2021).",1,https://ieeexplore.ieee.org/abstract/document/9319723,2021,1,Georgia Tech,"33.775813977322365, -84.39595240863217",33.77581398,-84.39595241
25,Mesenchymal Stem Cells Anchored with Thymidine Phosphorylase for Doxifluridine-Mediated Cancer Therapy,"Tarar, Ammar, Esmael M. Alyami, and Ching-An Peng. ""Mesenchymal stem cells anchored with thymidine phosphorylase for doxifluridine-mediated cancer therapy."" RSC Advances 11, no. 3 (2021): 1394-1403.",1,https://pubs.rsc.org/en/content/articlehtml/2021/ra/d0ra10263f,2021,3,University of Idaho,"46.728907982520035, -117.01234018123922",46.72890798,-117.0123402
26,Directionalities of Magnetic Fields & Topographic Scaffolds Synergise to Enhance MSC Chondrogenesis,"Celik, Cenk, Alfredo Franco-Obregón, Eng Hin Lee, James HP Hui, and Zheng Yang. ""Directionalities of magnetic fields and topographic scaffolds synergise to enhance MSC chondrogenesis."" Acta Biomaterialia 119 (2021): 169-183.",5,https://www.sciencedirect.com/science/article/abs/pii/S1742706120306371,2021,1,"National University of Singapore, Singapore","1.296900025172057, 103.77667284672707",1.296900025,103.7766728
27,Dextran-Polyethylene Glycol Cryogels As Spongy Scaffolds for Drug Delivery,"Pacelli S, Di Muzio L, Paolicelli P, Fortunati V, Petralito S, Trilli J, Casadei MA. Dextran-polyethylene glycol cryogels as spongy scaffolds for drug delivery. International Journal of Biological Macromolecules. 2021 Jan 1;166:1292-300.",3,https://www.sciencedirect.com/science/article/abs/pii/S0141813020349102,2021,1,"The University of Texas at San Antonio, San Antonio, TX","29.582875036015775, -98.61817574184438",29.58287504,-98.61817574
27,Dextran-Polyethylene Glycol Cryogels As Spongy Scaffolds for Drug Delivery,"Pacelli S, Di Muzio L, Paolicelli P, Fortunati V, Petralito S, Trilli J, Casadei MA. Dextran-polyethylene glycol cryogels as spongy scaffolds for drug delivery. International Journal of Biological Macromolecules. 2021 Jan 1;166:1292-300.",3,https://www.sciencedirect.com/science/article/abs/pii/S0141813020349102,2021,1,Sapienza University of Rome,"41.9038584007603, 12.51448131306388",41.9038584,12.51448131
28,A Streamlined Proliferation Assay Using Mixed Lymphocytes for Evaluation of Human Mesenchymal Stem Cell Immunomodulation Activity,"Herzig, Maryanne C., Christopher P. Delavan, Katherine J. Jensen, Carolina Cantu, Robbie K. Montgomery, Barbara A. Christy, Andrew P. Cap, and James A. Bynum. ""A streamlined proliferation assay using mixed lymphocytes for evaluation of human mesenchymal stem cell immunomodulation activity."" Journal of Immunological Methods 488 (2021): 112915.",1,https://www.sciencedirect.com/science/article/abs/pii/S002217592030209X,2021,1,"JBSA Fort Sam Houston, TX,","29.450487604225156, -98.45051519155682",29.4504876,-98.45051519
28,A Streamlined Proliferation Assay Using Mixed Lymphocytes for Evaluation of Human Mesenchymal Stem Cell Immunomodulation Activity,"Herzig, Maryanne C., Christopher P. Delavan, Katherine J. Jensen, Carolina Cantu, Robbie K. Montgomery, Barbara A. Christy, Andrew P. Cap, and James A. Bynum. ""A streamlined proliferation assay using mixed lymphocytes for evaluation of human mesenchymal stem cell immunomodulation activity."" Journal of Immunological Methods 488 (2021): 112915.",1,https://www.sciencedirect.com/science/article/abs/pii/S002217592030209X,2021,1,"UT Health San Antonio, San Antonio, TX,","29.50179319637728, -98.57574119369727",29.5017932,-98.57574119
29,Porcine Umbilical Cord Perivascular Cells for Preclinical Testing of Tissue-Engineered Heart Valves,"Latifi, Neda, Monica Lecce, and Craig A. Simmons. ""Porcine Umbilical Cord Perivascular Cells for Preclinical Testing of Tissue-Engineered Heart Valves."" Tissue Engineering Part C: Methods 27, no. 1 (2021): 35-46.",1,https://www.liebertpub.com/doi/abs/10.1089/ten.TEC.2020.0314,2021,1,"University of Toronto, Toronto, Canada","43.80043598664632, -79.14415628881468",43.80043599,-79.14415629
30,Three-Dimensional Bioprinting Using a Coaxial Needle with Viscous Inks in Bone Tissue Engineering- An In Vitro Study,"Walladbegi, Java, Christian Schaefer, Elin Pernevik, Sanna Sämfors, Göran Kjeller, Paul Gatenholm, George K. Sándor, and Lars Rasmusson. ""Three-dimensional bioprinting using a coaxial needle with viscous inks in bone tissue engineering-An In vitro study."" Annals of maxillofacial surgery 10, no. 2 (2020): 370.",1,https://www.ncbi.nlm.nih.gov/pmc/articles/PMC7943998/,2020,12,"University of Gothenburg, Gothenburg, Sweden","57.698326679115546, 11.972328609372875",57.69832668,11.97232861
30,Three-Dimensional Bioprinting Using a Coaxial Needle with Viscous Inks in Bone Tissue Engineering- An In Vitro Study,"Walladbegi, Java, Christian Schaefer, Elin Pernevik, Sanna Sämfors, Göran Kjeller, Paul Gatenholm, George K. Sándor, and Lars Rasmusson. ""Three-dimensional bioprinting using a coaxial needle with viscous inks in bone tissue engineering-An In vitro study."" Annals of maxillofacial surgery 10, no. 2 (2020): 370.",1,https://www.ncbi.nlm.nih.gov/pmc/articles/PMC7943998/,2020,12,"Chalmers University of Technology, Gothenburg, Sweden","57.68986919625777, 11.974783970732084",57.6898692,11.97478397
30,Three-Dimensional Bioprinting Using a Coaxial Needle with Viscous Inks in Bone Tissue Engineering- An In Vitro Study,"Walladbegi, Java, Christian Schaefer, Elin Pernevik, Sanna Sämfors, Göran Kjeller, Paul Gatenholm, George K. Sándor, and Lars Rasmusson. ""Three-dimensional bioprinting using a coaxial needle with viscous inks in bone tissue engineering-An In vitro study."" Annals of maxillofacial surgery 10, no. 2 (2020): 370.",1,https://www.ncbi.nlm.nih.gov/pmc/articles/PMC7943998/,2020,12,"Oulu University Hospital, Oulu, Finland","65.00727298622796, 25.518963707100674",65.00727299,25.51896371
30,Three-Dimensional Bioprinting Using a Coaxial Needle with Viscous Inks in Bone Tissue Engineering- An In Vitro Study,"Walladbegi, Java, Christian Schaefer, Elin Pernevik, Sanna Sämfors, Göran Kjeller, Paul Gatenholm, George K. Sándor, and Lars Rasmusson. ""Three-dimensional bioprinting using a coaxial needle with viscous inks in bone tissue engineering-An In vitro study."" Annals of maxillofacial surgery 10, no. 2 (2020): 370.",1,https://www.ncbi.nlm.nih.gov/pmc/articles/PMC7943998/,2020,12,"Linkoping University Hospital, Linkoping, Sweden","58.40029647238683, 15.620355248041987",58.40029647,15.62035525
31,Investigation of Human Adipose Stem Cell-Derived Nanoparticles as a Biomimetic Carrier for Intracellular Drug Delivery,"Chakravarti, Aparna R., Settimio Pacelli, and Arghya Paul. ""Investigation of human adipose stem cell-derived nanoparticles as a biomimetic carrier for intracellular drug delivery."" Nanoscale 12, no. 47 (2020): 24273-24284.",1,https://pubs.rsc.org/en/content/articlelanding/2020/nr/d0nr06571d/unauth,2020,12,"School of Engineering, University of Kansas, Lawrence, KS","38.95770599397077, -95.25211625877473",38.95770599,-95.25211626
31,Investigation of Human Adipose Stem Cell-Derived Nanoparticles as a Biomimetic Carrier for Intracellular Drug Delivery,"Chakravarti, Aparna R., Settimio Pacelli, and Arghya Paul. ""Investigation of human adipose stem cell-derived nanoparticles as a biomimetic carrier for intracellular drug delivery."" Nanoscale 12, no. 47 (2020): 24273-24284.",1,https://pubs.rsc.org/en/content/articlelanding/2020/nr/d0nr06571d/unauth,2020,12,"The University of Texas at San Antonio, San Antonio, TX,","29.582781733453793, -98.61863708174825",29.58278173,-98.61863708
31,Investigation of Human Adipose Stem Cell-Derived Nanoparticles as a Biomimetic Carrier for Intracellular Drug Delivery,"Chakravarti, Aparna R., Settimio Pacelli, and Arghya Paul. ""Investigation of human adipose stem cell-derived nanoparticles as a biomimetic carrier for intracellular drug delivery."" Nanoscale 12, no. 47 (2020): 24273-24284.",1,https://pubs.rsc.org/en/content/articlelanding/2020/nr/d0nr06571d/unauth,2020,12,"The University of Western Ontario, London, ON N6A 5B9, Canada","43.009667687343004, -81.27311132981156",43.00966769,-81.27311133
32,Seaweed Polysaccharides as Macromolecular Crowding Agents,"De Pieri, Andrea, Shubhasmin Rana, Stefanie Korntner, and Dimitrios I. Zeugolis. ""Seaweed polysaccharides as macromolecular crowding agents."" International Journal of Biological Macromolecules 164 (2020): 434-446.",9,https://www.sciencedirect.com/science/article/pii/S0141813020338368,2020,12,"National University of Ireland Galway, Galway, Ireland","53.27921261458546, -9.061404607987427",53.27921261,-9.061404608
33,Engineered Liver Tissue Culture in an In Vitro Tubular Perfusion System,"Yang, Guang, Bhushan Mahadik, Trevor Mollot, Julia Pinsky, Athenia Jones, Alexis Robinson, Daniel Najafali et al. ""Engineered Liver Tissue Culture in an In Vitro Tubular Perfusion System."" Tissue Engineering Part A 26, no. 23-24 (2020): 1369-1377.",1,https://www.liebertpub.com/doi/abs/10.1089/ten.tea.2020.0213,2020,12,"University of Maryland, College Park, Maryland, USA","38.987026691840654, -76.94238264070758",38.98702669,-76.94238264
34,Methods for the Assembly & Characterization of Polyelectrolyte Multilayers as Microenvironments to Modulate Human Mesenchymal Stromal Cell Response,"Castilla-Casadiego, David A., Hemanta Timsina, Mahsa Haseli, Luis Pinzon-Herrera, Yu-Hsuan Chiao, S. Ranil Wickramasinghe, and Jorge Almodovar. ""Methods for the Assembly and Characterization of Polyelectrolyte Multilayers as Microenvironments to Modulate Human Mesenchymal Stromal Cell Response."" ACS Biomaterials Science & Engineering 6, no. 12 (2020): 6626-6651.",1,https://pubs.acs.org/doi/abs/10.1021/acsbiomaterials.0c01397,2020,12,"University of Arkansas, 3202 Bell Engineering Center, Fayetteville, Arkansas","36.067128794024676, -94.17054066642253",36.06712879,-94.17054067
35,"Development of a Semi-Automated, Bulk Seeding Device for Large Animal Model Implantation of Tissue Engineered Vascular Grafts","Cunnane, Eoghan M., Katherine L. Lorentz, Lorenzo Soletti, Aneesh K. Ramaswamy, Timothy K. Chung, Darren G. Haskett, Samuel K. Luketich et al. ""Development of a semi-automated, bulk seeding device for large animal model implantation of tissue engineered vascular grafts."" Frontiers in bioengineering and biotechnology 8 (2020).",4,https://www.ncbi.nlm.nih.gov/pmc/articles/PMC7644804/,2020,10,"Royal College of Surgeons in Ireland, Dublin, Ireland","53.339274798651246, -6.262724763471732",53.3392748,-6.262724763
35,"Development of a Semi-Automated, Bulk Seeding Device for Large Animal Model Implantation of Tissue Engineered Vascular Grafts","Cunnane, Eoghan M., Katherine L. Lorentz, Lorenzo Soletti, Aneesh K. Ramaswamy, Timothy K. Chung, Darren G. Haskett, Samuel K. Luketich et al. ""Development of a semi-automated, bulk seeding device for large animal model implantation of tissue engineered vascular grafts."" Frontiers in bioengineering and biotechnology 8 (2020).",4,https://www.ncbi.nlm.nih.gov/pmc/articles/PMC7644804/,2020,10,"University of Pittsburgh, Pittsburgh, PA, United States","40.44441043457709, -79.96069552717151",40.44441043,-79.96069553
35,"Development of a Semi-Automated, Bulk Seeding Device for Large Animal Model Implantation of Tissue Engineered Vascular Grafts","Cunnane, Eoghan M., Katherine L. Lorentz, Lorenzo Soletti, Aneesh K. Ramaswamy, Timothy K. Chung, Darren G. Haskett, Samuel K. Luketich et al. ""Development of a semi-automated, bulk seeding device for large animal model implantation of tissue engineered vascular grafts."" Frontiers in bioengineering and biotechnology 8 (2020).",4,https://www.ncbi.nlm.nih.gov/pmc/articles/PMC7644804/,2020,10,"RiMED Foundation, Palermo, Italy","38.11871133157167, 13.362740149486159",38.11871133,13.36274015
36,Overcoming Stromal Barriers to Immuno-Oncological Responses via Fibroblast Activation Protein-Targeted Therapy,"Brennen, W. Nathaniel, Daniel L. J Thorek, Wen Jiang, Timothy E. Krueger, Lizamma Antony, Samuel R. Denmeade, and John T. Isaacs. ""Overcoming stromal barriers to immuno-oncological responses via fibroblast activation protein-targeted therapy."" Immunotherapy 13, no. 2 (2021): 155-175.",4,https://www.futuremedicine.com/doi/abs/10.2217/imt-2020-0066,2020,11,"Johns Hopkins University, Baltimore, MD","39.32997596918007, -76.62016365047657",39.32997597,-76.62016365
36,Overcoming Stromal Barriers to Immuno-Oncological Responses via Fibroblast Activation Protein-Targeted Therapy,"Brennen, W. Nathaniel, Daniel L. J Thorek, Wen Jiang, Timothy E. Krueger, Lizamma Antony, Samuel R. Denmeade, and John T. Isaacs. ""Overcoming stromal barriers to immuno-oncological responses via fibroblast activation protein-targeted therapy."" Immunotherapy 13, no. 2 (2021): 155-175.",4,https://www.futuremedicine.com/doi/abs/10.2217/imt-2020-0066,2020,11,"Washington University School of Medicine, Saint Louis, MO","38.6352697899661, -90.26331514021625",38.63526979,-90.26331514
37,Sub-Nanoliter Metabolomics via Mass Spectrometry to Characterize Volume-Limited Samples,"Li, Yafeng, Marcos Bouza, Changsheng Wu, Hengyu Guo, Danning Huang, Gilad Doron, Johnna S. Temenoff, Arlene A. Stecenko, Zhong Lin Wang, and Facundo M. Fernández. ""Sub-nanoliter metabolomics via mass spectrometry to characterize volume-limited samples."" Nature communications 11, no. 1 (2020): 1-16.",10,https://www.nature.com/articles/s41467-020-19444-y,2020,11,"Georgia Institute of Technology, Atlanta, GA","33.775778305161914, -84.39588803529266",33.77577831,-84.39588804