,titlePaper,citationChicago,citations,link,publishedYear,publishedMonth,locationStudy,gpsLat,gpsLong,monthsLapsed,radius,red,green,blue
0,Three-dimensional Bioprinting of Thick Vascularized Tissues,"Kolesky, David B., Kimberly A. Homan, Mark A. Skylar-Scott, and Jennifer A. Lewis. ""Three-dimensional bioprinting of thick vascularized tissues."" Proceedings of the national academy of sciences 113, no. 12 (2016): 3179-3184.",944,https://pubmed.ncbi.nlm.nih.gov/26951646/,2016,3,"Wyss Institute for Biologically Inspired Engineering, Harvard University, Cambridge",42.33969432,-71.10301259,68,1950.5882352941176,0.0,0.0,0.0
11,Mesenchymal Stromal Cell Exosomes Ameliorate Experimental Bronchopulmonary Dysplasia and Restore Lung Function through Macrophage Immunomodulation,"Willis, Gareth R., Angeles Fernandez-Gonzalez, Jamie Anastas, Sally H. Vitali, Xianlan Liu, Maria Ericsson, April Kwong, S. Alex Mitsialis, and Stella Kourembanas. ""Mesenchymal stromal cell exosomes ameliorate experimental bronchopulmonary dysplasia and restore lung function through macrophage immunomodulation."" American journal of respiratory and critical care medicine 197, no. 1 (2018): 104-116.",285,https://pubmed.ncbi.nlm.nih.gov/28853608/,2018,1,"Harvard Medical School, Boston, Massachusetts",42.336079,-71.10138914,46,191.52173913043475,0.15,0.15,0.15
12,Morphological Features of IFN-γ-stimulated Mesenchymal Stromal Cells Predict Overall Immunosuppressive Capacity,"Klinker, Matthew W., Ross A. Marklein, Jessica L. Lo Surdo, Cheng-Hong Wei, and Steven R. Bauer. ""Morphological features of IFN-γ–stimulated mesenchymal stromal cells predict overall immunosuppressive capacity."" Proceedings of the National Academy of Sciences 114, no. 13 (2017): E2598-E2607.",104,https://pubmed.ncbi.nlm.nih.gov/28283659/,2017,3,"US Food and Drug Administration, Silver Spring, MD",39.03589836,-76.98208347,56,155.0,0.8812,0.8812,0.8812
15,Extracellular Vesicles as Emerging Targets in Cancer: Recent Development From Bench to Bedside,"Wu, Kerui, Fei Xing, Shih-Ying Wu, and Kounosuke Watabe. ""Extracellular vesicles as emerging targets in cancer: Recent development from bench to bedside."" Biochimica et Biophysica Acta (BBA)-Reviews on Cancer 1868, no. 2 (2017): 538-563.",89,https://pubmed.ncbi.nlm.nih.gov/29054476/,2017,12,"Wake Forest University School of Medicine, Winston Salem, NC",36.10086541,-80.23891347,47,72.0212765957447,0.144,0.144,0.144
17,Stem cell-inspired secretome-rich injectable hydrogel to repair injured cardiac tissue,"Waters, Renae, Perwez Alam, Settimio Pacelli, Aparna R. Chakravarti, Rafeeq PH Ahmed, and Arghya Paul. ""Stem cell-inspired secretome-rich injectable hydrogel to repair injured cardiac tissue."" Acta biomaterialia 69 (2018): 95-106.",85,https://www.ncbi.nlm.nih.gov/pmc/articles/PMC5831493/,2017,12,"University of Cincinnati, Cincinnati, OH",39.13303007,-84.51478947,47,69.04255319148936,0.0,0.0,0.0
16,Stem cell-inspired secretome-rich injectable hydrogel to repair injured cardiac tissue,"Waters, Renae, Perwez Alam, Settimio Pacelli, Aparna R. Chakravarti, Rafeeq PH Ahmed, and Arghya Paul. ""Stem cell-inspired secretome-rich injectable hydrogel to repair injured cardiac tissue."" Acta biomaterialia 69 (2018): 95-106.",85,https://www.ncbi.nlm.nih.gov/pmc/articles/PMC5831493/,2017,12,"University of Kansas, Lawrence, KS",38.95441063,-95.25538841,47,69.04255319148936,0.087,0.087,0.087
18,In Vivo Chondrogenesis in 3D Bioprinted Human Cell-laden Hydrogel Constructs,"Möller, Thomas, Matteo Amoroso, Daniel Hägg, Camilla Brantsing, Nicole Rotter, Peter Apelgren, Anders Lindahl, Lars Kölby, and Paul Gatenholm. ""In vivo chondrogenesis in 3D bioprinted human cell-laden hydrogel constructs."" Plastic and reconstructive surgery global open 5, no. 2 (2017).",82,https://pubmed.ncbi.nlm.nih.gov/28280669/,2017,2,"Chalmers University of Technology, Göteborg, Sweden",57.69000654,11.97583537,57,128.7719298245614,0.0,0.0,0.0
19,Self-Healing and Thermoresponsive Dual-Cross-Linked Alginate Hydrogels Based on Supramolecular Inclusion Complexes,"Miao, Tianxin, Spencer L. Fenn, Patrick N. Charron, and Rachael A. Oldinski. ""Self-healing and thermoresponsive dual-cross-linked alginate hydrogels based on supramolecular inclusion complexes."" Biomacromolecules 16, no. 12 (2015): 3740-3750.",79,https://pubmed.ncbi.nlm.nih.gov/26509214/,2015,10,"University of Vermont, Burlington, Vermont",44.47801354,-73.19652808,73,185.82191780821915,0.8772,0.8772,0.8772
20,Development and Characterization of a Naturally Derived Lung Extracellular Matrix Hydrogel,"Pouliot, Robert A., Patrick A. Link, Nabil S. Mikhaiel, Matthew B. Schneck, Michael S. Valentine, Franck J. Kamga Gninzeko, Joseph A. Herbert, Masahiro Sakagami, and Rebecca L. Heise. ""Development and characterization of a naturally derived lung extracellular matrix hydrogel."" Journal of biomedical materials research Part A 104, no. 8 (2016): 1922-1935.",78,https://pubmed.ncbi.nlm.nih.gov/27012815/,2016,4,"Virginia Commonwealth University, Richmond, Virginia",37.54837993,-77.45675749,67,164.17910447761193,0.9932,0.9932,0.9932
28,Substrate Stress-Relaxation Regulates Scaffold Remodeling and Bone Formation In Vivo,"Darnell, Max, Simon Young, Luo Gu, Nisarg Shah, Evi Lippens, James Weaver, Georg Duda, and David Mooney. ""Substrate stress‐relaxation regulates scaffold remodeling and bone formation in vivo."" Advanced healthcare materials 6, no. 1 (2017): 1601185.",78,https://pubmed.ncbi.nlm.nih.gov/27995768/,2017,1,"Berlin-Brandenburg Center for Regenerative Therapies, 13353, Berlin, Germany",52.54027297,13.34835895,58,127.58620689655173,0.9112,0.9112,0.9112
27,Substrate Stress-Relaxation Regulates Scaffold Remodeling and Bone Formation In Vivo,"Darnell, Max, Simon Young, Luo Gu, Nisarg Shah, Evi Lippens, James Weaver, Georg Duda, and David Mooney. ""Substrate stress‐relaxation regulates scaffold remodeling and bone formation in vivo."" Advanced healthcare materials 6, no. 1 (2017): 1601185.",78,https://pubmed.ncbi.nlm.nih.gov/27995768/,2017,1,"Harvard University, Cambridge, MA",42.37766832,-71.11249735,58,127.58620689655173,0.9832,0.9832,0.9832
33,Chondrocytes and stem cells in 3D-bioprinted structures create human cartilage in vivo,"Apelgren, Peter, Matteo Amoroso, Anders Lindahl, Camilla Brantsing, Nicole Rotter, Paul Gatenholm, and Lars Kölby. ""Chondrocytes and stem cells in 3D-bioprinted structures create human cartilage in vivo."" PLoS One 12, no. 12 (2017): e0189428.",71,https://pubmed.ncbi.nlm.nih.gov/29236765/,2017,12,"Sahlgrenska University Hospital, Sahlgrenska Academy, Göteborg, Sweden",57.68614571,11.97558279,47,58.61702127659575,0.0,0.0,0.0
35,Chondrocytes and stem cells in 3D-bioprinted structures create human cartilage in vivo,"Apelgren, Peter, Matteo Amoroso, Anders Lindahl, Camilla Brantsing, Nicole Rotter, Paul Gatenholm, and Lars Kölby. ""Chondrocytes and stem cells in 3D-bioprinted structures create human cartilage in vivo."" PLoS One 12, no. 12 (2017): e0189428.",71,https://pubmed.ncbi.nlm.nih.gov/29236765/,2017,12,"Chalmers University of Technology, Göteborg, Sweden",57.69035061,11.97587829,47,58.61702127659575,0.138,0.138,0.138
34,Chondrocytes and stem cells in 3D-bioprinted structures create human cartilage in vivo,"Apelgren, Peter, Matteo Amoroso, Anders Lindahl, Camilla Brantsing, Nicole Rotter, Paul Gatenholm, and Lars Kölby. ""Chondrocytes and stem cells in 3D-bioprinted structures create human cartilage in vivo."" PLoS One 12, no. 12 (2017): e0189428.",71,https://pubmed.ncbi.nlm.nih.gov/29236765/,2017,12,"University Medical Centre Ulm, Ulm, Germany",48.42843645,9.971446802,47,58.61702127659575,0.114,0.114,0.114
37,Enhanced Immunosuppression of T Cells by Sustained Presentation of Bioactive Interferon-γ Within Three-dimensional Mesenchymal Stem Cell Constructs,"Zimmermann, Joshua A., Marian H. Hettiaratchi, and Todd C. McDevitt. ""Enhanced immunosuppression of T cells by sustained presentation of bioactive interferon‐γ within three‐dimensional mesenchymal stem cell constructs."" Stem cells translational medicine 6, no. 1 (2017): 223-237.",67,https://pubmed.ncbi.nlm.nih.gov/28170190/,2017,1,"Gladstone Institute of Cardiovascular Disease, San Francisco, California, USA",37.76859569,-122.3927825,58,110.51724137931033,0.9912,0.9912,0.9912
36,Enhanced Immunosuppression of T Cells by Sustained Presentation of Bioactive Interferon-γ Within Three-dimensional Mesenchymal Stem Cell Constructs,"Zimmermann, Joshua A., Marian H. Hettiaratchi, and Todd C. McDevitt. ""Enhanced immunosuppression of T cells by sustained presentation of bioactive interferon‐γ within three‐dimensional mesenchymal stem cell constructs."" Stem cells translational medicine 6, no. 1 (2017): 223-237.",67,https://pubmed.ncbi.nlm.nih.gov/28170190/,2017,1,"Georgia Institute of Technology, Atlanta, Georgia",33.77841125,-84.39839541,58,110.51724137931033,0.9012,0.9012,0.9012
41,Procoagulant activity of human mesenchymal stem cells,"Christy, Barbara A., Maryanne C. Herzig, Robbie K. Montgomery, Christopher Delavan, James A. Bynum, Kristin M. Reddoch, and Andrew P. Cap. ""Procoagulant activity of human mesenchymal stem cells."" Journal of Trauma and Acute Care Surgery 83, no. 1 (2017): S164-S169.",63,https://pubmed.ncbi.nlm.nih.gov/28628602/,2017,7,"University of Texas Health Science Center at San Antonio, San Antonio, Texas",29.50795065,-98.57097477,52,78.84615384615385,0.0,0.0,0.0
40,Collagen Hydrogel Scaffold Promotes Mesenchymal Stem Cell and Endothelial Cell Coculture for Bone Tissue Engineering,"Nguyen, Bao‐Ngoc B., Rebecca A. Moriarty, Tim Kamalitdinov, Julie M. Etheridge, and John P. Fisher. ""C ollagen hydrogel scaffold promotes mesenchymal stem cell and endothelial cell coculture for bone tissue engineering."" Journal of Biomedical Materials Research Part A 105, no. 4 (2017): 1123-1131.",63,https://pubmed.ncbi.nlm.nih.gov/28093887/,2017,4,"University of Maryland, College Park, Maryland",38.98755177,-76.94379888,55,92.27272727272727,0.012,0.012,0.012
43,Silk fibroin/collagen protein hybrid cell-encapsulating hydrogels with tunable gelation and improved physical and biological properties,"Buitrago, Jennifer O., Kapil D. Patel, Ahmed El-Fiqi, Jung-Hwan Lee, Banani Kundu, Hae-Hyoung Lee, and Hae-Won Kim. ""Silk fibroin/collagen protein hybrid cell-encapsulating hydrogels with tunable gelation and improved physical and biological properties."" Acta biomaterialia 69 (2018): 218-233.",58,https://www.sciencedirect.com/science/article/abs/pii/S1742706117307924,2018,3,"National Research Centre, Cairo, Egypt",30.03666176,31.20671763,44,31.818181818181817,0.8832,0.8832,0.8832
42,Silk fibroin/collagen protein hybrid cell-encapsulating hydrogels with tunable gelation and improved physical and biological properties,"Buitrago, Jennifer O., Kapil D. Patel, Ahmed El-Fiqi, Jung-Hwan Lee, Banani Kundu, Hae-Hyoung Lee, and Hae-Won Kim. ""Silk fibroin/collagen protein hybrid cell-encapsulating hydrogels with tunable gelation and improved physical and biological properties."" Acta biomaterialia 69 (2018): 218-233.",58,https://www.sciencedirect.com/science/article/abs/pii/S1742706117307924,2018,3,"Dankook University, South Korea",37.32228064,127.1269648,44,31.818181818181817,0.8792,0.8792,0.8792
49,Synthesis and Biological Evaluation of Well-Defined Poly(propylene fumarate) Oligomers and Their Use in 3D Printed Scaffolds,"Luo, Yuanyuan, Courtney K. Dolder, Jason M. Walker, Ruchi Mishra, David Dean, and Matthew L. Becker. ""Synthesis and biological evaluation of well-defined poly (propylene fumarate) oligomers and their use in 3D printed scaffolds."" Biomacromolecules 17, no. 2 (2016): 690-697.",55,https://pubmed.ncbi.nlm.nih.gov/26771388/,2016,2,"The Ohio State University , Columbus, Ohio",40.00726366,-83.02929592,69,122.68115942028986,0.075,0.075,0.075
48,Synthesis and Biological Evaluation of Well-Defined Poly(propylene fumarate) Oligomers and Their Use in 3D Printed Scaffolds,"Luo, Yuanyuan, Courtney K. Dolder, Jason M. Walker, Ruchi Mishra, David Dean, and Matthew L. Becker. ""Synthesis and biological evaluation of well-defined poly (propylene fumarate) oligomers and their use in 3D printed scaffolds."" Biomacromolecules 17, no. 2 (2016): 690-697.",55,https://pubmed.ncbi.nlm.nih.gov/26771388/,2016,2,"University of Akron , Akron, Ohio",41.08120212,-81.52079457,69,122.68115942028986,0.087,0.087,0.087
46,A Prodrug-doped Cellular Trojan Horse for the Potential Treatment of Prostate Cancer,"Levy, Oren, W. Nathaniel Brennen, Edward Han, David Marc Rosen, Juliet Musabeyezu, Helia Safaee, Sudhir Ranganath et al. ""A prodrug-doped cellular Trojan Horse for the potential treatment of prostate cancer."" Biomaterials 91 (2016): 140-150.",55,https://www.sciencedirect.com/science/article/abs/pii/S0142961216300448,2016,6,"The Sidney Kimmel Comprehensive Cancer Center at Johns Hopkins, United States",39.31829991,-76.66145636,65,112.69230769230771,0.9332,0.9332,0.9332
45,A Prodrug-doped Cellular Trojan Horse for the Potential Treatment of Prostate Cancer,"Levy, Oren, W. Nathaniel Brennen, Edward Han, David Marc Rosen, Juliet Musabeyezu, Helia Safaee, Sudhir Ranganath et al. ""A prodrug-doped cellular Trojan Horse for the potential treatment of prostate cancer."" Biomaterials 91 (2016): 140-150.",55,https://www.sciencedirect.com/science/article/abs/pii/S0142961216300448,2016,6,"Harvard Medical School, United States",42.33581759,-71.1039533,65,112.69230769230771,0.9212,0.9212,0.9212
44,A Prodrug-doped Cellular Trojan Horse for the Potential Treatment of Prostate Cancer,"Levy, Oren, W. Nathaniel Brennen, Edward Han, David Marc Rosen, Juliet Musabeyezu, Helia Safaee, Sudhir Ranganath et al. ""A prodrug-doped cellular Trojan Horse for the potential treatment of prostate cancer."" Biomaterials 91 (2016): 140-150.",55,https://www.sciencedirect.com/science/article/abs/pii/S0142961216300448,2016,6,"Center for Regenerative Therapeutics, Brigham and Women's Hospital,",42.33636357,-71.1072346,65,112.69230769230771,0.9892,0.9892,0.9892
47,A Prodrug-doped Cellular Trojan Horse for the Potential Treatment of Prostate Cancer,"Levy, Oren, W. Nathaniel Brennen, Edward Han, David Marc Rosen, Juliet Musabeyezu, Helia Safaee, Sudhir Ranganath et al. ""A prodrug-doped cellular Trojan Horse for the potential treatment of prostate cancer."" Biomaterials 91 (2016): 140-150.",55,https://www.sciencedirect.com/science/article/abs/pii/S0142961216300448,2016,6,The Samuel Oschin Comprehensive Cancer Institute at the Cedars-Sinai Medical Center,34.07558055,-118.3795624,65,112.69230769230771,0.9312,0.9312,0.9312
50,Characterising the Phenotypic Evolution of Circulating Tumour Cells During Treatment,"Tsao, Simon Chang-Hao, Jing Wang, Yuling Wang, Andreas Behren, Jonathan Cebon, and Matt Trau. ""Characterising the phenotypic evolution of circulating tumour cells during treatment."" Nature communications 9, no. 1 (2018): 1-10.",54,https://pubmed.ncbi.nlm.nih.gov/29662054/,2018,4,"University of Queensland, Brisbane",-27.49696958,153.016437,43,24.186046511627907,0.9692,0.9692,0.9692
51,Characterising the Phenotypic Evolution of Circulating Tumour Cells During Treatment,"Tsao, Simon Chang-Hao, Jing Wang, Yuling Wang, Andreas Behren, Jonathan Cebon, and Matt Trau. ""Characterising the phenotypic evolution of circulating tumour cells during treatment."" Nature communications 9, no. 1 (2018): 1-10.",54,https://pubmed.ncbi.nlm.nih.gov/29662054/,2018,4,"Olivia Newton-John Cancer Research Institute, Heidelberg, VIC",-37.75630265,145.0637127,43,24.186046511627907,0.9052,0.9052,0.9052
52,Controlling Adult Stem Cell Behavior Using Nanodiamond-Reinforced Hydrogel: Implication in Bone Regeneration Therapy,"Pacelli, Settimio, Ryan Maloney, Aparna R. Chakravarti, Jonathan Whitlow, Sayantani Basu, Saman Modaresi, Stevin Gehrke, and Arghya Paul. ""Controlling adult stem cell behavior using nanodiamond-reinforced hydrogel: implication in bone regeneration therapy."" Scientific reports 7, no. 1 (2017): 1-15.",50,https://pubmed.ncbi.nlm.nih.gov/28747768/,2017,7,"University of Kansas, Lawrence, KS",38.95514452,-95.25605363,52,63.84615384615384,0.096,0.096,0.096
55,Mesenchymal Stem Cell-derived Extracellular Vesicles Attenuate Pulmonary Vascular Permeability and Lung Injury Induced by Hemorrhagic Shock and Trauma,"Potter, Daniel R., Byron Y. Miyazawa, Stuart L. Gibb, Xutao Deng, Padma P. Togaratti, Roxanne H. Croze, Amit K. Srivastava et al. ""Mesenchymal stem cell-derived extracellular vesicles attenuate pulmonary vascular permeability and lung injury induced by hemorrhagic shock and trauma."" The journal of trauma and acute care surgery 84, no. 2 (2018): 245.",50,https://pubmed.ncbi.nlm.nih.gov/29251710/,2018,2,"Oregon Health & Science University, Portland, Oregon",45.49861534,-122.6847195,45,33.33333333333333,0.8512,0.8512,0.8512
53,Mesenchymal Stem Cell-derived Extracellular Vesicles Attenuate Pulmonary Vascular Permeability and Lung Injury Induced by Hemorrhagic Shock and Trauma,"Potter, Daniel R., Byron Y. Miyazawa, Stuart L. Gibb, Xutao Deng, Padma P. Togaratti, Roxanne H. Croze, Amit K. Srivastava et al. ""Mesenchymal stem cell-derived extracellular vesicles attenuate pulmonary vascular permeability and lung injury induced by hemorrhagic shock and trauma."" The journal of trauma and acute care surgery 84, no. 2 (2018): 245.",50,https://pubmed.ncbi.nlm.nih.gov/29251710/,2018,2,University of California at San Francisco,37.76227238,-122.4591827,45,33.33333333333333,0.9032,0.9032,0.9032
54,Mesenchymal Stem Cell-derived Extracellular Vesicles Attenuate Pulmonary Vascular Permeability and Lung Injury Induced by Hemorrhagic Shock and Trauma,"Potter, Daniel R., Byron Y. Miyazawa, Stuart L. Gibb, Xutao Deng, Padma P. Togaratti, Roxanne H. Croze, Amit K. Srivastava et al. ""Mesenchymal stem cell-derived extracellular vesicles attenuate pulmonary vascular permeability and lung injury induced by hemorrhagic shock and trauma."" The journal of trauma and acute care surgery 84, no. 2 (2018): 245.",50,https://pubmed.ncbi.nlm.nih.gov/29251710/,2018,2,"McGovern Medical School, University of Texas Health Sciences Center at Houston, Houston, Texas",29.71282968,-95.39539806,45,33.33333333333333,0.9192,0.9192,0.9192
56,Peak MSC—Are We There Yet?,"Olsen, Timothy R., Kelvin S. Ng, Lye T. Lock, Tabassum Ahsan, and Jon A. Rowley. ""Peak MSC—are we there yet?."" Frontiers in medicine 5 (2018): 178.",50,https://www.frontiersin.org/articles/10.3389/fmed.2018.00178/full,2018,6,"Rooster Bio, Fredrick, MD",39.38210713,-77.41519022,41,11.219512195121952,0.0,0.0,0.0
57,Thy-1 Dependent Uptake of Mesenchymal Stem Cell-derived Extracellular Vesicles Blocks Myofibroblastic Differentiation,"Shentu, Tzu-Pin, Tse-Shun Huang, Mateja Cernelc-Kohan, Joy Chan, Simon S. Wong, Celia R. Espinoza, Chunting Tan et al. ""Thy-1 dependent uptake of mesenchymal stem cell-derived extracellular vesicles blocks myofibroblastic differentiation."" Scientific reports 7, no. 1 (2017): 1-11.",49,https://pubmed.ncbi.nlm.nih.gov/29273797/,2017,12,"University of California-San Diego, La Jolla, California",32.88135344,-117.2335913,47,42.23404255319149,0.9072,0.9072,0.9072
60,Serum-free media formulations are cell line-specific and require optimization for microcarrier culture,"Tan, Kah Yong, Kim Leng Teo, Jessica FY Lim, Allen KL Chen, Shaul Reuveny, and Steve KW Oh. ""Serum-free media formulations are cell line–specific and require optimization for microcarrier culture."" Cytotherapy 17, no. 8 (2015): 1152-1165.",47,https://pubmed.ncbi.nlm.nih.gov/26139547/,2015,8,"Agency for Science, Technology and Research (A*STAR), Centros, Singapore",1.299109174,103.7875007,75,117.00000000000001,0.9472,0.9472,0.9472
61,Bioprocess Integration for Human Mesenchymal Stem Cells: From Up to Downstream Processing Scale-up to Cell Proteome Characterization,"Cunha, Bárbara, Tiago Aguiar, Sofia B. Carvalho, Marta M. Silva, Ricardo A. Gomes, Manuel JT Carrondo, Patrícia Gomes-Alves, Cristina Peixoto, Margarida Serra, and Paula M. Alves. ""Bioprocess integration for human mesenchymal stem cells: from up to downstream processing scale-up to cell proteome characterization."" Journal of biotechnology 248 (2017): 87-98.",45,https://pubmed.ncbi.nlm.nih.gov/28174039/,2017,4,"Instituto de Biologia Experimental e Tecnológica, Apartado 12, 2780-901 Oeiras, Portugal",38.69661906,-9.320585936,55,67.72727272727272,1.0,1.0,1.0
62,"Cells as Advanced Therapeutics: State-of-the-art, Challenges, and Opportunities in Large Scale Biomanufacturing of High-quality Cells for Adoptive Immunotherapies","Dwarshuis, Nate J., Kirsten Parratt, Adriana Santiago-Miranda, and Krishnendu Roy. ""Cells as advanced therapeutics: State-of-the-art, challenges, and opportunities in large scale biomanufacturing of high-quality cells for adoptive immunotherapies."" Advanced drug delivery reviews 114 (2017): 222-239.",42,https://pubmed.ncbi.nlm.nih.gov/28625827/,2017,5,"Georgia Institute of Technology, Atlanta, GA",33.77622392,-84.39761541,54,60.74074074074075,0.9452,0.9452,0.9452
64,Biodegradable Poly-ε-caprolactone Microcarriers for Efficient Production of Human Mesenchymal Stromal Cells and Secreted Cytokines in Batch and Fed-batch Bioreactors,"Lam, Alan Tin-Lun, Jian Li, Jessica Pei-Wen Toh, Eileen Jia-Hui Sim, Allen Kuan-Liang Chen, Jerry Kok-Yen Chan, Mahesh Choolani, Shaul Reuveny, William R. Birch, and Steve Kah-Weng Oh. ""Biodegradable poly-ε-caprolactone microcarriers for efficient production of human mesenchymal stromal cells and secreted cytokines in batch and fed-batch bioreactors."" Cytotherapy 19, no. 3 (2017): 419-432.",41,https://pubmed.ncbi.nlm.nih.gov/28017598/,2017,3,"Agency for Science, Technology and Research (A*STAR), Singapore",1.299173519,103.7863205,56,65.0,0.9752,0.9752,0.9752
66,Fabrication and evaluation of 3D printed BCP scaffolds reinforced with ZrO2 for bone tissue applications,"Sa, Min‐Woo, Bao‐Ngoc B. Nguyen, Rebecca A. Moriarty, Timur Kamalitdinov, John P. Fisher, and Jong Young Kim. ""Fabrication and evaluation of 3D printed BCP scaffolds reinforced with ZrO2 for bone tissue applications."" Biotechnology and bioengineering 115, no. 4 (2018): 989-999.",39,https://pubmed.ncbi.nlm.nih.gov/29240243/,2018,1,"University of Maryland, College Park, Maryland",38.98725155,-76.9432839,46,31.086956521739133,0.15,0.15,0.15
67,Fabrication and evaluation of 3D printed BCP scaffolds reinforced with ZrO2 for bone tissue applications,"Sa, Min‐Woo, Bao‐Ngoc B. Nguyen, Rebecca A. Moriarty, Timur Kamalitdinov, John P. Fisher, and Jong Young Kim. ""Fabrication and evaluation of 3D printed BCP scaffolds reinforced with ZrO2 for bone tissue applications."" Biotechnology and bioengineering 115, no. 4 (2018): 989-999.",39,https://pubmed.ncbi.nlm.nih.gov/29240243/,2018,1,"Andong National University, Andong-si, Korea",36.54334523,128.7974342,46,31.086956521739133,0.051,0.051,0.051
65,Fabrication and evaluation of 3D printed BCP scaffolds reinforced with ZrO2 for bone tissue applications,"Sa, Min‐Woo, Bao‐Ngoc B. Nguyen, Rebecca A. Moriarty, Timur Kamalitdinov, John P. Fisher, and Jong Young Kim. ""Fabrication and evaluation of 3D printed BCP scaffolds reinforced with ZrO2 for bone tissue applications."" Biotechnology and bioengineering 115, no. 4 (2018): 989-999.",39,https://pubmed.ncbi.nlm.nih.gov/29240243/,2018,1,"Research Institute, SJ TOOLS, Daegu, Korea",35.88335841,128.7303449,46,31.086956521739133,0.03,0.03,0.03
73,Dynamic Bioreactor Culture of High Volume Engineered Bone Tissue,"Nguyen, Bao-Ngoc B., Henry Ko, Rebecca A. Moriarty, Julie M. Etheridge, and John P. Fisher. ""Dynamic bioreactor culture of high volume engineered bone tissue."" Tissue Engineering Part A 22, no. 3-4 (2016): 263-271.",35,https://pubmed.ncbi.nlm.nih.gov/26653703/,2016,2,"University of Maryland, College Park, Maryland",38.98755177,-76.94379888,69,80.65217391304347,0.033,0.033,0.033
72,Collagen Type Ii Enhances Chondrogenic Differentiation in Agarose-based Modular Microtissues,"Annamalai, Ramkumar Tiruvannamalai, David R. Mertz, Ethan LH Daley, and Jan P. Stegemann. ""Collagen Type II enhances chondrogenic differentiation in agarose-based modular microtissues."" Cytotherapy 18, no. 2 (2016): 263-277.",35,https://pubmed.ncbi.nlm.nih.gov/26794716/,2016,2,"University of Michigan, Ann Arbor, Michigan",42.27845605,-83.73680793,69,80.65217391304347,0.0,0.0,0.0
86,Enhancement of mesenchymal stem cell chondrogenesis with short-term low intensity pulsed electromagnetic fields,"Parate, Dinesh, Alfredo Franco-Obregón, Jürg Fröhlich, Christian Beyer, Azlina A. Abbas, Tunku Kamarul, James HP Hui, and Zheng Yang. ""Enhancement of mesenchymal stem cell chondrogenesis with short-term low intensity pulsed electromagnetic fields."" Scientific reports 7, no. 1 (2017): 1-13.",33,https://pubmed.ncbi.nlm.nih.gov/28842627/,2017,8,"Swiss Federal Institute of Technology (ETH),  Zurich, Switzerland",47.3771151,8.549087091,51,41.66666666666666,1.0,1.0,1.0
87,Enhancement of mesenchymal stem cell chondrogenesis with short-term low intensity pulsed electromagnetic fields,"Parate, Dinesh, Alfredo Franco-Obregón, Jürg Fröhlich, Christian Beyer, Azlina A. Abbas, Tunku Kamarul, James HP Hui, and Zheng Yang. ""Enhancement of mesenchymal stem cell chondrogenesis with short-term low intensity pulsed electromagnetic fields."" Scientific reports 7, no. 1 (2017): 1-13.",33,https://pubmed.ncbi.nlm.nih.gov/28842627/,2017,8," University of Malaya, Malaysia",3.1218473,101.6557725,51,41.66666666666666,0.9572,0.9572,0.9572
85,Enhancement of mesenchymal stem cell chondrogenesis with short-term low intensity pulsed electromagnetic fields,"Parate, Dinesh, Alfredo Franco-Obregón, Jürg Fröhlich, Christian Beyer, Azlina A. Abbas, Tunku Kamarul, James HP Hui, and Zheng Yang. ""Enhancement of mesenchymal stem cell chondrogenesis with short-term low intensity pulsed electromagnetic fields."" Scientific reports 7, no. 1 (2017): 1-13.",33,https://pubmed.ncbi.nlm.nih.gov/28842627/,2017,8,National University of Singapore,1.297114533,103.7792263,51,41.66666666666666,1.0,1.0,1.0
96,Cell-type specific expression of oncogenic and tumor suppressive microRNAs in the human prostate and prostate cancer,"Kumar, Binod, Avi Z. Rosenberg, Su Mi Choi, Karen Fox-Talbot, Angelo M. De Marzo, Larisa Nonn, W. Nathaniel Brennen, Luigi Marchionni, Marc K. Halushka, and Shawn E. Lupold. ""Cell-type specific expression of oncogenic and tumor suppressive microRNAs in the human prostate and prostate cancer."" Scientific reports 8, no. 1 (2018): 1-13.",30,https://pubmed.ncbi.nlm.nih.gov/29739972/,2018,5,"University of Illinois, Chicago, IL",41.88187327,-87.60333437,42,12.380952380952381,0.084,0.084,0.084
95,Cell-type specific expression of oncogenic and tumor suppressive microRNAs in the human prostate and prostate cancer,"Kumar, Binod, Avi Z. Rosenberg, Su Mi Choi, Karen Fox-Talbot, Angelo M. De Marzo, Larisa Nonn, W. Nathaniel Brennen, Luigi Marchionni, Marc K. Halushka, and Shawn E. Lupold. ""Cell-type specific expression of oncogenic and tumor suppressive microRNAs in the human prostate and prostate cancer."" Scientific reports 8, no. 1 (2018): 1-13.",30,https://pubmed.ncbi.nlm.nih.gov/29739972/,2018,5,"Johns Hopkins School of Medicine, Baltimore, MD",39.29978034,-76.58801552,42,12.380952380952381,0.0,0.0,0.0
103,Microfluidic label-free selection of mesenchymal stem cell subpopulation during culture expansion extends the chondrogenic potential in vitro,"Yin, Lu, Yingnan Wu, Zheng Yang, Ching Ann Tee, Vinitha Denslin, Zhangxing Lai, Chwee Teck Lim, Eng Hin Lee, and Jongyoon Han. ""Microfluidic label-free selection of mesenchymal stem cell subpopulation during culture expansion extends the chondrogenic potential in vitro."" Lab on a Chip 18, no. 6 (2018): 878-889.",28,https://pubmed.ncbi.nlm.nih.gov/29459915/,2018,3,"Agency for Science, Technology and Research (A*STAR), Singapore",1.299173519,103.7863205,44,18.18181818181818,0.9712,0.9712,0.9712
102,IFN-γ and TNF-α Pre-licensing Protects Mesenchymal Stromal Cells from the Pro-inflammatory Effects of Palmitate,"Boland, Lauren, Anthony J. Burand, Alex J. Brown, Devlin Boyt, Vitor A. Lira, and James A. Ankrum. ""IFN-γ and TNF-α pre-licensing protects mesenchymal stromal cells from the pro-inflammatory effects of palmitate."" Molecular Therapy 26, no. 3 (2018): 860-873.",28,https://pubmed.ncbi.nlm.nih.gov/29352647/,2017,12,"University of Iowa, Iowa City, IA",41.66312426,-91.55617876,47,26.595744680851062,0.9932,0.9932,0.9932
107,3D Printed Vascular Networks Enhance Viability in High-Volume Perfusion Bioreactor,"Ball, Owen, Bao-Ngoc B. Nguyen, Jesse K. Placone, and John P. Fisher. ""3D printed vascular networks enhance viability in high-volume perfusion bioreactor."" Annals of biomedical engineering 44, no. 12 (2016): 3435-3445.",26,https://pubmed.ncbi.nlm.nih.gov/27272210/,2016,12,"University of Maryland, College Park, MD",38.98758512,-76.94388471,59,48.47457627118644,0.114,0.114,0.114
110,Aggregation of culture expanded human mesenchymal stem cells in microcarrier-based bioreactor,"Yuan, Xuegang, Ang-Chen Tsai, Iain Farrance, Jon A. Rowley, and Teng Ma. ""Aggregation of culture expanded human mesenchymal stem cells in microcarrier-based bioreactor."" Biochemical engineering journal 131 (2018): 39-46.",24,https://pubmed.ncbi.nlm.nih.gov/29736144/,2018,3,Florida State University,30.44211425,-84.29806874,44,16.363636363636363,0.9952,0.9952,0.9952
114,"In Vitro Cytokine Licensing Induces Persistent Permissive Chromatin at the Indoleamine 2,3-dioxygenase Promoter","Gonzalez, Yazmin I. Rovira, Patrick J. Lynch, Elaine E. Thompson, Brian G. Stultz, and Deborah A. Hursh. ""In vitro cytokine licensing induces persistent permissive chromatin at the Indoleamine 2, 3-dioxygenase promoter."" Cytotherapy 18, no. 9 (2016): 1114-1128.",23,https://pubmed.ncbi.nlm.nih.gov/27421739/,2016,7," US Food and Drug Administration, Silver Spring, Maryland, USA",39.03616504,-76.9804956,64,50.0,0.9432,0.9432,0.9432
115,Deformability of Human Mesenchymal Stem Cells Is Dependent on Vimentin Intermediate Filaments,"Sharma, Poonam, Zachary T. Bolten, Diane R. Wagner, and Adam H. Hsieh. ""Deformability of human mesenchymal stem cells is dependent on vimentin intermediate filaments."" Annals of biomedical engineering 45, no. 5 (2017): 1365-1374.",22,https://pubmed.ncbi.nlm.nih.gov/28091965/,2017,5,"University of Maryland, College Park, Maryland",38.98755177,-76.94379888,54,34.81481481481482,1.0,1.0,1.0
116,Enhanced Non-viral Gene Delivery by Coordinated Endosomal Release and Inhibition of β-tubulin Deactylase,"Ho, Yoon Khei, Li Han Zhou, Kam C. Tam, and Heng Phon Too. ""Enhanced non-viral gene delivery by coordinated endosomal release and inhibition of β-tubulin deactylase."" Nucleic acids research 45, no. 6 (2017): e38-e38.",22,https://pubmed.ncbi.nlm.nih.gov/27899629/,2017,4,"Agency for Science, Technology and Research (A*STAR), Singapore",1.299173519,103.7863205,55,36.36363636363636,0.0,0.0,0.0
117,Three-Dimensional Mechanical Loading Modulates the Osteogenic Response of Mesenchymal Stem Cells to Tumor-Derived Soluble Signals,"Lynch, Maureen E., Aaron E. Chiou, Min Joon Lee, Stephen C. Marcott, Praveen V. Polamraju, Yeonkyung Lee, and Claudia Fischbach. ""Three-dimensional mechanical loading modulates the osteogenic response of mesenchymal stem cells to tumor-derived soluble signals."" Tissue Engineering Part A 22, no. 15-16 (2016): 1006-1015.",22,https://pubmed.ncbi.nlm.nih.gov/27401765/,2016,8,"Cornell University , Ithaca",42.45398716,-76.47260151,63,46.98412698412699,0.9672,0.9672,0.9672
118,Three-Dimensional Mechanical Loading Modulates the Osteogenic Response of Mesenchymal Stem Cells to Tumor-Derived Soluble Signals,"Lynch, Maureen E., Aaron E. Chiou, Min Joon Lee, Stephen C. Marcott, Praveen V. Polamraju, Yeonkyung Lee, and Claudia Fischbach. ""Three-dimensional mechanical loading modulates the osteogenic response of mesenchymal stem cells to tumor-derived soluble signals."" Tissue Engineering Part A 22, no. 15-16 (2016): 1006-1015.",22,https://pubmed.ncbi.nlm.nih.gov/27401765/,2016,8,"University of Massachusetts Amherst , Amherst, Massachusetts",42.38736172,-72.53159649,63,46.98412698412699,0.8692,0.8692,0.8692
124,Tubulogenesis of Co-cultured Human iPS-derived Endothelial Cells and Human Mesenchymal Stem Cells in Fibrin and Gelatin Methacrylate Gels,"Calderon, G. A., P. Thai, C. W. Hsu, B. Grigoryan, S. M. Gibson, M. E. Dickinson, and J. S. Miller. ""Tubulogenesis of co-cultured human iPS-derived endothelial cells and human mesenchymal stem cells in fibrin and gelatin methacrylate gels."" Biomaterials science 5, no. 8 (2017): 1652-1660.",21,https://pubmed.ncbi.nlm.nih.gov/28661522/,2017,7,Rice University,29.71828832,-95.401445,52,30.384615384615383,0.0,0.0,0.0
121,Hypoxic Expansion of Human Mesenchymal Stem Cells Enhances Three-Dimensional Maturation of Tissue-Engineered Intervertebral Discs,"Hudson, Katherine D., and Lawrence J. Bonassar. ""Hypoxic expansion of human mesenchymal stem cells enhances three-dimensional maturation of tissue-engineered intervertebral discs."" Tissue Engineering Part A 23, no. 7-8 (2017): 293-300.",21,https://pubmed.ncbi.nlm.nih.gov/27903131/,2017,4,"Cornell University , Ithaca, New York",42.45373384,-76.47170029,55,35.0,0.8772,0.8772,0.8772
141,Rapid Selection of Mesenchymal Stem and Progenitor Cells in Primary Prostate Stromal Cultures,"Brennen, W. Nathaniel, L. Nelleke Kisteman, and John T. Isaacs. ""Rapid selection of mesenchymal stem and progenitor cells in primary prostate stromal cultures."" The Prostate 76, no. 6 (2016): 552-564.",17,https://pubmed.ncbi.nlm.nih.gov/26732992/,2016,1,"Johns Hopkins University School of Medicine, Baltimore, Maryland",39.29991318,-76.59166332,70,43.57142857142857,1.0,1.0,1.0
151,Mesenchymal stem cell infiltration during neoplastic transformation of the human prostate,"Brennen, W. Nathaniel, Baohui Zhang, Ibrahim Kulac, L. Nelleke Kisteman, Lizamma Antony, Hao Wang, Alan K. Meeker et al. ""Mesenchymal stem cell infiltration during neoplastic transformation of the human prostate."" Oncotarget 8, no. 29 (2017): 46710.",16,https://pubmed.ncbi.nlm.nih.gov/28493842/,2017,7,"Sidney Kimmel Comprehensive Cancer Center at Johns Hopkins, Baltimore, MD",39.3033014,-76.57978929,52,24.615384615384617,0.09,0.09,0.09
152,Mesenchymal stem cell infiltration during neoplastic transformation of the human prostate,"Brennen, W. Nathaniel, Baohui Zhang, Ibrahim Kulac, L. Nelleke Kisteman, Lizamma Antony, Hao Wang, Alan K. Meeker et al. ""Mesenchymal stem cell infiltration during neoplastic transformation of the human prostate."" Oncotarget 8, no. 29 (2017): 46710.",16,https://pubmed.ncbi.nlm.nih.gov/28493842/,2017,7,"David Geffen School of Medicine at UCLA, Los Angeles, CA",34.06488696,-118.4399101,52,24.615384615384617,0.0,0.0,0.0
150,Growth Factor Dose Tuning for Bone Progenitor Cell Proliferation and Differentiation on Resorbable Poly(propylene fumarate) Scaffolds,"Mishra, Ruchi, Ryan S. Sefcik, Tyler J. Bishop, Stefani M. Montelone, Nisha Crouser, Jean F. Welter, Arnold I. Caplan, and David Dean. ""Growth factor dose tuning for bone progenitor cell proliferation and differentiation on resorbable poly (propylene fumarate) scaffolds."" Tissue Engineering Part C: Methods 22, no. 9 (2016): 904-913.",16,https://pubmed.ncbi.nlm.nih.gov/27558310/,2016,9,"Case Western Reserve University , Cleveland",41.50459809,-81.60563725,62,35.16129032258064,0.123,0.123,0.123
149,Growth Factor Dose Tuning for Bone Progenitor Cell Proliferation and Differentiation on Resorbable Poly(propylene fumarate) Scaffolds,"Mishra, Ruchi, Ryan S. Sefcik, Tyler J. Bishop, Stefani M. Montelone, Nisha Crouser, Jean F. Welter, Arnold I. Caplan, and David Dean. ""Growth factor dose tuning for bone progenitor cell proliferation and differentiation on resorbable poly (propylene fumarate) scaffolds."" Tissue Engineering Part C: Methods 22, no. 9 (2016): 904-913.",16,https://pubmed.ncbi.nlm.nih.gov/27558310/,2016,9,"The Ohio State University , Columbus, Ohio",40.00713218,-83.02835178,62,35.16129032258064,0.105,0.105,0.105
160,Physical confinement alters cytoskeletal contributions towards human mesenchymal stem cell migration,"Doolin, Mary T., and Kimberly M. Stroka. ""P hysical confinement alters cytoskeletal contributions towards human mesenchymal stem cell migration."" Cytoskeleton 75, no. 3 (2018): 103-117.",15,https://pubmed.ncbi.nlm.nih.gov/29316327/,2018,3,"University of Maryland, College Park, Maryland",38.98735162,-76.94397054,44,12.272727272727273,0.084,0.084,0.084
159,Identification of Predictive Gene Markers for Multipotent Stromal Cell Proliferation,"Bellayr, Ian H., Ross A. Marklein, Jessica L. Lo Surdo, Steven R. Bauer, and Raj K. Puri. ""Identification of predictive gene markers for multipotent stromal cell proliferation."" Stem cells and development 25, no. 11 (2016): 861-873.",15,https://pubmed.ncbi.nlm.nih.gov/27036644/,2016,6,"US Food and Drug Administration, Silver Spring, Maryland",39.03616504,-76.9804956,65,35.769230769230774,0.9392,0.9392,0.9392
165,Material Viscoelastic Properties Modulate the Mesenchymal Stem Cell Secretome for Applications in Hematopoietic Recovery,"Liu, Frances D., Novalia Pishesha, Zhiyong Poon, Tanwi Kaushik, and Krystyn J. Van Vliet. ""Material viscoelastic properties modulate the mesenchymal stem cell secretome for applications in hematopoietic recovery."" ACS Biomaterials Science & Engineering 3, no. 12 (2017): 3292-3306.",14,https://pubs.acs.org/doi/abs/10.1021/acsbiomaterials.7b00644,2017,10,"Singapore−MIT Alliance for Research and Technology, CREATE, Singapore",1.29921855,103.77422,49,18.775510204081634,0.8592,0.8592,0.8592
164,Material Viscoelastic Properties Modulate the Mesenchymal Stem Cell Secretome for Applications in Hematopoietic Recovery,"Liu, Frances D., Novalia Pishesha, Zhiyong Poon, Tanwi Kaushik, and Krystyn J. Van Vliet. ""Material viscoelastic properties modulate the mesenchymal stem cell secretome for applications in hematopoietic recovery."" ACS Biomaterials Science & Engineering 3, no. 12 (2017): 3292-3306.",14,https://pubs.acs.org/doi/abs/10.1021/acsbiomaterials.7b00644,2017,10,"Massachusetts Institute of Technology, Cambridge, Massachusetts",42.36034436,-71.09145637,49,18.775510204081634,1.0,1.0,1.0
161,Deciphering the Role of Substrate Stiffness in Enhancing the Internalization Efficiency of Plasmid DNA in Stem Cells Using Lipid-based Nanocarriers,"Modaresi, Saman, Settimio Pacelli, Jonathan Whitlow, and Arghya Paul. ""Deciphering the role of substrate stiffness in enhancing the internalization efficiency of plasmid DNA in stem cells using lipid-based nanocarriers."" Nanoscale 10, no. 19 (2018): 8947-8952.",14,https://pubmed.ncbi.nlm.nih.gov/29693099/,2018,5,"University of Kansas, Lawrence, KS",38.95464393,-95.25716943,42,8.571428571428573,0.9652,0.9652,0.9652
163,Further Observations on the Behavioral and Neural Effects of Bone Marrow Stromal Cells in Rodent Pain Models,"Guo, Wei, Yu-Xia Chu, Satoshi Imai, Jia-Le Yang, Shiping Zou, Zaid Mohammad, Feng Wei, Ronald Dubner, and Ke Ren. ""Further observations on the behavioral and neural effects of bone marrow stromal cells in rodent pain models."" Molecular pain 12 (2016): 1744806916658043.",14,https://pubmed.ncbi.nlm.nih.gov/27329776/,2016,6,University of Maryland School of Denstistry,39.28993552,-76.62227427,65,33.84615384615385,0.8472,0.8472,0.8472
191,Ultrahigh-throughput Generation and Characterization of Cellular Aggregates in Laser-ablated Microwells of Poly(dimethylsiloxane),"Albritton, Jacob L., Jonathon D. Roybal, Samantha J. Paulsen, Nicholas J. Calafat, Jose A. Flores-Zaher, Mary C. Farach-Carson, Don L. Gibbons, and Jordan S. Miller. ""Ultrahigh-throughput generation and characterization of cellular aggregates in laser-ablated microwells of poly (dimethylsiloxane)."" RSC advances 6, no. 11 (2016): 8980-8991.",12,https://pubmed.ncbi.nlm.nih.gov/26998251/,2016,1,"The University of Texas M.D. Anderson Cancer Center, Houston, Texas",29.70763436,-95.39445107,70,32.857142857142854,0.8692,0.8692,0.8692
190,Ultrahigh-throughput Generation and Characterization of Cellular Aggregates in Laser-ablated Microwells of Poly(dimethylsiloxane),"Albritton, Jacob L., Jonathon D. Roybal, Samantha J. Paulsen, Nicholas J. Calafat, Jose A. Flores-Zaher, Mary C. Farach-Carson, Don L. Gibbons, and Jordan S. Miller. ""Ultrahigh-throughput generation and characterization of cellular aggregates in laser-ablated microwells of poly (dimethylsiloxane)."" RSC advances 6, no. 11 (2016): 8980-8991.",12,https://pubmed.ncbi.nlm.nih.gov/26998251/,2016,1,"Rice University, Houston, Texas, USA",29.71802742,-95.40178832,70,32.857142857142854,1.0,1.0,1.0
184,Guanylate Binding Protein 1 Inhibits Osteogenic Differentiation of Human Mesenchymal Stromal Cells Derived from Bone Marrow,"Bai, Shi, Zhixiang Mu, Yuanding Huang, and Ping Ji. ""Guanylate binding protein 1 inhibits osteogenic differentiation of human mesenchymal stromal cells derived from bone marrow."" Scientific reports 8, no. 1 (2018): 1-8.",12,https://pubmed.ncbi.nlm.nih.gov/29348519/,2018,1,"Stomatological hospital of Chongqing Medical University, Chongqing, China",29.56057829,106.5484563,46,13.478260869565217,0.8992,0.8992,0.8992
216,Sustained Releasing Sponge-like 3d Scaffolds for Bone Tissue Engineering Applications,"Chamundeswari, Vidya N., Lui Yuan Siang, Yon Jin Chuah, Jing Shi Tan, Dong-An Wang, and Say Chye Joachim Loo. ""Sustained releasing sponge-like 3D scaffolds for bone tissue engineering applications."" Biomedical Materials 13, no. 1 (2017): 015019.",9,https://pubmed.ncbi.nlm.nih.gov/28895559/,2017,12,"Nanyang Technological University, Singapore",1.349082146,103.6828772,47,12.446808510638299,0.0,0.0,0.0
217,Tissue Source and Cell Expansion Condition Influence Phenotypic Changes of Adipose-Derived Stem Cells,"Mangum, Lauren H., Shanmugasundaram Natesan, Randolph Stone, Nicole L. Wrice, David A. Larson, Kyle F. Florell, Barbara A. Christy, Maryanne C. Herzig, Andrew P. Cap, and Robert J. Christy. ""Tissue source and cell expansion condition influence phenotypic changes of adipose-derived stem cells."" Stem cells international 2017 (2017).",9,https://pubmed.ncbi.nlm.nih.gov/29138638/,2017,8,"San Antonio Military Medical Center, JBSA Ft Sam Houston, San Antonio, TX",29.46023671,-98.41527512,51,15.784313725490195,0.0,0.0,0.0
218,3D Printing Bioactive PLGA Scaffolds Using DMSO as a Removable Solvent,"Guo, Ting, Casey G. Lim, Maeesha Noshin, Julia P. Ringel, and John P. Fisher. ""3D printing bioactive PLGA scaffolds using DMSO as a removable solvent."" Bioprinting 10 (2018): e00038.",8,https://www.sciencedirect.com/science/article/pii/S2405886618300381,2018,6,"University of Maryland, College Park, MD",38.98735162,-76.94392763,41,6.097560975609756,0.009,0.009,0.009
220,Adaptation of a Simple Microfluidic Platform for High-Dimensional Quantitative Morphological Analysis of Human Mesenchymal Stromal Cells on Polystyrene-Based Substrates,"Lam, Johnny, Ross A. Marklein, Jose A. Jimenez-Torres, David J. Beebe, Steven R. Bauer, and Kyung E. Sung. ""Adaptation of a simple microfluidic platform for high-dimensional quantitative morphological analysis of human mesenchymal stromal cells on polystyrene-based substrates."" SLAS TECHNOLOGY: Translating Life Sciences Innovation 22, no. 6 (2017): 646-661.",8,https://pubmed.ncbi.nlm.nih.gov/28825968/,2017,12,"University of Wisconsin-Madison, Madison, WI",43.07724995,-89.41021302,47,11.702127659574469,0.8452,0.8452,0.8452
219,Adaptation of a Simple Microfluidic Platform for High-Dimensional Quantitative Morphological Analysis of Human Mesenchymal Stromal Cells on Polystyrene-Based Substrates,"Lam, Johnny, Ross A. Marklein, Jose A. Jimenez-Torres, David J. Beebe, Steven R. Bauer, and Kyung E. Sung. ""Adaptation of a simple microfluidic platform for high-dimensional quantitative morphological analysis of human mesenchymal stromal cells on polystyrene-based substrates."" SLAS TECHNOLOGY: Translating Life Sciences Innovation 22, no. 6 (2017): 646-661.",8,https://pubmed.ncbi.nlm.nih.gov/28825968/,2017,12,"Food and Drug Administration, Silver Spring, MD",39.03579836,-76.98023811,47,11.702127659574469,0.8732,0.8732,0.8732
225,Effect of Hydrogel Material Composition on Hbmsc Differentiation Into Zone-specific Neo-cartilage: Engineering Human Articular Cartilage-like Tissue With Spatially Varying Properties,"Parratt, Kirsten, Madeline Smerchansky, Qwantayvious Stiggers, and Krishnendu Roy. ""Effect of hydrogel material composition on hBMSC differentiation into zone-specific neo-cartilage: engineering human articular cartilage-like tissue with spatially varying properties."" Journal of Materials Chemistry B 5, no. 31 (2017): 6237-6248.",8,https://pubs.rsc.org/en/content/articlelanding/2017/tb/c7tb00896a,2017,7,"Georgia Institute of Technology, Atlanta, GA",33.77622392,-84.39761541,52,15.384615384615383,0.018,0.018,0.018
284,Multidrug-eluting Bi-layered Microparticle-mesh Scaffolds for Musculoskeletal Tissue Regeneration,"Chamundeswari, Vidya N., Yon Jin Chuah, and Say Chye Joachim Loo. ""Multidrug-eluting bi-layered microparticle-mesh scaffolds for musculoskeletal tissue regeneration."" Journal of Materials Chemistry B 6, no. 20 (2018): 3340-3347.",5,https://pubs.rsc.org/en/content/articlelanding/2018/tb/c8tb00397a,2018,5,Nanyang Technological University,1.348352788,103.6815468,42,6.428571428571428,0.0,0.0,0.0
313,Influence of Fibrinogen Concentration on Mesenchymal Stem Cells and Chondrocytes Chondrogenesis in Fibrin Hydrogels,"Yang, Zheng, Vinitha Denslin, Yingnan Wu, Eng Hin Lee, Azlina A. Abbas, Tunku Kamarul, and James HP Hui. ""Influence of fibrinogen concentration on mesenchymal stem cells and chondrocytes chondrogenesis in fibrin hydrogels."" Journal of Biomaterials and Tissue Engineering 7, no. 11 (2017): 1136-1145.",4,https://www.ingentaconnect.com/content/asp/jbte/2017/00000007/00000011/art00010;jsessionid=t2p1nwooec8r.x-ic-live-03,2017,11,National University of Singapore,1.297457767,103.7787971,48,9.166666666666668,0.036,0.036,0.036
322,Pre-Conditioning Stem Cells in a Biomimetic Environment for Enhanced Cardiac Tissue Repair: In Vitro and In Vivo Analysis,"Chakravarti, Aparna R., Settimio Pacelli, Perwez Alam, Samik Bagchi, Saman Modaresi, Andras Czirok, Rafeeq PH Ahmed, and Arghya Paul. ""Pre-conditioning stem cells in a biomimetic environment for enhanced cardiac tissue repair: in vitro and in vivo analysis."" Cellular and molecular bioengineering 11, no. 5 (2018): 321-336.",4,https://link.springer.com/article/10.1007/s12195-018-0543-x,2018,7,"University of Kansas, Medical Center, Kansas City, KS",39.08688186,-94.63650647,40,5.0,0.105,0.105,0.105
321,Pre-Conditioning Stem Cells in a Biomimetic Environment for Enhanced Cardiac Tissue Repair: In Vitro and In Vivo Analysis,"Chakravarti, Aparna R., Settimio Pacelli, Perwez Alam, Samik Bagchi, Saman Modaresi, Andras Czirok, Rafeeq PH Ahmed, and Arghya Paul. ""Pre-conditioning stem cells in a biomimetic environment for enhanced cardiac tissue repair: in vitro and in vivo analysis."" Cellular and molecular bioengineering 11, no. 5 (2018): 321-336.",4,https://link.springer.com/article/10.1007/s12195-018-0543-x,2018,7,"Water Technology Group, Walnut Creek, CA",37.91129854,-122.0590567,40,5.0,0.0,0.0,0.0
320,Pre-Conditioning Stem Cells in a Biomimetic Environment for Enhanced Cardiac Tissue Repair: In Vitro and In Vivo Analysis,"Chakravarti, Aparna R., Settimio Pacelli, Perwez Alam, Samik Bagchi, Saman Modaresi, Andras Czirok, Rafeeq PH Ahmed, and Arghya Paul. ""Pre-conditioning stem cells in a biomimetic environment for enhanced cardiac tissue repair: in vitro and in vivo analysis."" Cellular and molecular bioengineering 11, no. 5 (2018): 321-336.",4,https://link.springer.com/article/10.1007/s12195-018-0543-x,2018,7,"University of Cincinnati, Cincinnati, OH",39.13348748,-84.51383464,40,5.0,0.0,0.0,0.0
319,Pre-Conditioning Stem Cells in a Biomimetic Environment for Enhanced Cardiac Tissue Repair: In Vitro and In Vivo Analysis,"Chakravarti, Aparna R., Settimio Pacelli, Perwez Alam, Samik Bagchi, Saman Modaresi, Andras Czirok, Rafeeq PH Ahmed, and Arghya Paul. ""Pre-conditioning stem cells in a biomimetic environment for enhanced cardiac tissue repair: in vitro and in vivo analysis."" Cellular and molecular bioengineering 11, no. 5 (2018): 321-336.",4,https://link.springer.com/article/10.1007/s12195-018-0543-x,2018,7,"University of Kansas, Lawrence, KS",38.95464393,-95.25716943,40,5.0,0.051,0.051,0.051
301,"3D Material Cytometry (3DMaC): a Very High-replicate, High-throughput Analytical Method Using Microfabricated, Shape-specific, Cell-material Niches","Parratt, Kirsten, Jenny Jeong, Peng Qiu, and Krishnendu Roy. ""3D material cytometry (3DMaC): a very high-replicate, high-throughput analytical method using microfabricated, shape-specific, cell-material niches."" Lab on a Chip 17, no. 16 (2017): 2861-2872.",4,https://pubmed.ncbi.nlm.nih.gov/28726912/,2017,8,"Georgia Institute of Technology, Atlanta, GA",33.77622392,-84.39761541,51,10.392156862745097,0.8552,0.8552,0.8552
338,Rapid Comparative Immunophenotyping of Human Mesenchymal Stromal Cells by a Modified Fluorescent Cell Barcoding Flow Cytometric Assay,"Lekishvili, Tamara, and Jonathan J. Campbell. ""Rapid comparative immunophenotyping of human mesenchymal stromal cells by a modified fluorescent cell barcoding flow cytometric assay."" Cytometry Part A 93, no. 9 (2018): 905-915.",3,https://pubmed.ncbi.nlm.nih.gov/28940935/,2018,7,"LGC, Teddington, Middlesex,  United Kingdom",51.42410094,-0.3402486829,40,5.0,0.0,0.0,0.0
334,Emerging Business Models Toward Commercialization of Bioprinting Technology,"Balakhovsky, Yakov M., Alexander Yu Ostrovskiy, and Yusef D. Khesuani. ""Emerging business models toward commercialization of bioprinting technology."" 3D Printing and Biofabrication. Springer, Berlin (2017): 1-22.",3,https://link.springer.com/referenceworkentry/10.1007%2F978-3-319-40498-1_25-1,2017,7,"Vivax Bio, LLC New York USA",40.72795094,-74.00204491,52,9.615384615384615,0.9032,0.9032,0.9032
335,Emerging Business Models Toward Commercialization of Bioprinting Technology,"Balakhovsky, Yakov M., Alexander Yu Ostrovskiy, and Yusef D. Khesuani. ""Emerging business models toward commercialization of bioprinting technology."" 3D Printing and Biofabrication. Springer, Berlin (2017): 1-22.",3,https://link.springer.com/referenceworkentry/10.1007%2F978-3-319-40498-1_25-1,2017,7,Independent Laboratory INVITRO Moscow Russian Federation,55.77447099,37.60444078,52,9.615384615384615,0.8972,0.8972,0.8972
482,Particle aggregates formed during furfuryl methacrylate plasma polymerization affect human mesenchymal stem cell behaviour,"Shirazi, Hanieh Safizadeh, Nicholas Rogers, Andrew Michelmore, and Jason D. Whittle. ""Particle aggregates formed during furfuryl methacrylate plasma polymerization affect human mesenchymal stem cell behaviour."" Colloids and Surfaces B: Biointerfaces 161 (2018): 261-268.",1,https://pubmed.ncbi.nlm.nih.gov/29096370/,2018,1,"University of South Australia, Mawson Lakes, Adelaide",-34.9174402,138.6192163,46,6.304347826086957,0.09,0.09,0.09
395,A Low-Cost Technique for Intraoperative Imaging of Cell Delivery and Retention in a Model of Delayed Wound Healing,"Burand Jr, Anthony J., Lauren Boland, Alex J. Brown, and James A. Ankrum. ""A Low-Cost Technique for Intraoperative Imaging of Cell Delivery and Retention in a Model of Delayed Wound Healing."" Advances in wound care 6, no. 12 (2017): 413-424.",1,https://pubmed.ncbi.nlm.nih.gov/29279805/,2017,12,"University of Iowa, Iowa City, Iowa",41.66424834,-91.55517336,47,6.48936170212766,0.9292,0.9292,0.9292
483,Particle aggregates formed during furfuryl methacrylate plasma polymerization affect human mesenchymal stem cell behaviour,"Shirazi, Hanieh Safizadeh, Nicholas Rogers, Andrew Michelmore, and Jason D. Whittle. ""Particle aggregates formed during furfuryl methacrylate plasma polymerization affect human mesenchymal stem cell behaviour."" Colloids and Surfaces B: Biointerfaces 161 (2018): 261-268.",1,https://pubmed.ncbi.nlm.nih.gov/29096370/,2018,1,"University of South Australia, Mawson Lakes, Adelaide",-34.91546966,138.6223063,46,6.304347826086957,0.054,0.054,0.054
